id,forecast_date,actual_volume,pred_lstm,pred_prophet,pred_xgboost,pred_holtwinters,is_holdout,is_future,pred_sarimax,pred_holts_linear,weather_rainfall,weather_temp,pred_prophet_nw,pred_sarimax_nw,pred_lstm_nw
1,2019-12-31T16:00:00.000Z,1517671,,,,,false,false,,,0.035,27.52,,,
2,2020-01-01T16:00:00.000Z,1597855,,,,,false,false,,,0.04,26.872916666666665,,,
3,2020-01-02T16:00:00.000Z,2665103,,,,,false,false,,,0.0,26.216041666666666,,,
4,2020-01-03T16:00:00.000Z,2244423,,,,,false,false,,,0.0,25.810625,,,
5,2020-01-04T16:00:00.000Z,2358129,,,,,false,false,,,0.005,26.315416666666668,,,
6,2020-01-05T16:00:00.000Z,1264928,,,,,false,false,,,0.0,26.441458333333333,,,
7,2020-01-06T16:00:00.000Z,1053880,,,,,false,false,,,0.055,26.799583333333334,,,
8,2020-01-07T16:00:00.000Z,1199112,,,,,false,false,,,0.58,26.563125,,,
9,2020-01-08T16:00:00.000Z,1019900,,,,,false,false,,,0.0,26.551666666666666,,,
10,2020-01-09T16:00:00.000Z,1402629,,,,,false,false,,,0.3,26.031458333333333,,,
11,2020-01-10T16:00:00.000Z,1399420,,,,,false,false,,,0.3,26.269583333333333,,,
12,2020-01-11T16:00:00.000Z,1653849,,,,,false,false,,,0.755,26.403958333333332,,,
13,2020-01-12T16:00:00.000Z,1171709,,,,,false,false,,,1.17,26.519375,,,
14,2020-01-13T16:00:00.000Z,1329785,,,,,false,false,,,0.03,26.717291666666668,,,
15,2020-01-14T16:00:00.000Z,1097536,,,,,false,false,,,0.025,26.564791666666668,,,
16,2020-01-15T16:00:00.000Z,1292569,,,,,false,false,,,0.22,27.121041666666667,,,
17,2020-01-16T16:00:00.000Z,1411848,,,,,false,false,,,0.915,27.348541666666666,,,
18,2020-01-17T16:00:00.000Z,1362072,,,,,false,false,,,0.26,26.969375,,,
19,2020-01-18T16:00:00.000Z,1632141,,,,,false,false,,,0.505,26.34979166666667,,,
20,2020-01-19T16:00:00.000Z,1325396,,,,,false,false,,,0.09,25.985,,,
21,2020-01-20T16:00:00.000Z,1149240,,,,,false,false,,,0.125,25.60625,,,
22,2020-01-21T16:00:00.000Z,1012476,,,,,false,false,,,0.0,25.583541666666665,,,
23,2020-01-22T16:00:00.000Z,1039492,,,,,false,false,,,0.015,25.710625,,,
24,2020-01-23T16:00:00.000Z,1602188,,,,,false,false,,,6.71,25.628958333333333,,,
25,2020-01-24T16:00:00.000Z,1626670,,,,,false,false,,,2.555,25.936666666666667,,,
26,2020-01-25T16:00:00.000Z,1421107,,,,,false,false,,,0.63,26.72125,,,
27,2020-01-26T16:00:00.000Z,1192134,,,,,false,false,,,0.05,26.811041666666668,,,
28,2020-01-27T16:00:00.000Z,1272135,,,,,false,false,,,0.0,26.415208333333332,,,
29,2020-01-28T16:00:00.000Z,1212588,,,,,false,false,,,0.09,25.97625,,,
30,2020-01-29T16:00:00.000Z,1188342,,,,,false,false,,,0.01,25.948958333333334,,,
31,2020-01-30T16:00:00.000Z,1559251,,,,,false,false,,,0.355,24.628125,,,
32,2020-01-31T16:00:00.000Z,1545001,,,,,false,false,,,0.055,24.401875,,,
33,2020-02-01T16:00:00.000Z,1544231,,,,,false,false,,,0.04,24.253125,,,
34,2020-02-02T16:00:00.000Z,1086776,,,,,false,false,,,0.365,23.8825,,,
35,2020-02-03T16:00:00.000Z,1240088,,,,,false,false,,,0.0,24.336458333333333,,,
36,2020-02-04T16:00:00.000Z,1201243,,,,,false,false,,,0.0,25.873541666666668,,,
37,2020-02-05T16:00:00.000Z,1280326,,,,,false,false,,,0.06,26.138333333333332,,,
38,2020-02-06T16:00:00.000Z,1873111,,,,,false,false,,,1.45,26.370833333333334,,,
39,2020-02-07T16:00:00.000Z,1379972,,,,,false,false,,,6.945,26.433333333333334,,,
40,2020-02-08T16:00:00.000Z,1385941,,,,,false,false,,,0.24,25.495208333333334,,,
41,2020-02-09T16:00:00.000Z,1118324,,,,,false,false,,,0.0,25.282708333333332,,,
42,2020-02-10T16:00:00.000Z,1131557,,,,,false,false,,,0.0,25.111666666666668,,,
43,2020-02-11T16:00:00.000Z,1119518,,,,,false,false,,,0.0,25.448125,,,
44,2020-02-12T16:00:00.000Z,1141555,,,,,false,false,,,0.54,25.477291666666666,,,
45,2020-02-13T16:00:00.000Z,1426809,,,,,false,false,,,0.285,26.313333333333333,,,
46,2020-02-14T16:00:00.000Z,1313420,,,,,false,false,,,0.0,26.89375,,,
47,2020-02-15T16:00:00.000Z,1443885,,,,,false,false,,,0.235,26.711666666666666,,,
48,2020-02-16T16:00:00.000Z,1108695,,,,,false,false,,,0.96,26.666666666666668,,,
49,2020-02-17T16:00:00.000Z,985073,,,,,false,false,,,0.0,25.781458333333333,,,
50,2020-02-18T16:00:00.000Z,1272434,,,,,false,false,,,0.0,25.22125,,,
51,2020-02-19T16:00:00.000Z,1336630,,,,,false,false,,,0.0,25.014375,,,
52,2020-02-20T16:00:00.000Z,1635716,,,,,false,false,,,0.0,25.1925,,,
53,2020-02-21T16:00:00.000Z,1611900,,,,,false,false,,,0.0,25.644791666666666,,,
54,2020-02-22T16:00:00.000Z,1278734,,,,,false,false,,,0.35,25.426041666666666,,,
55,2020-02-23T16:00:00.000Z,1001523,,,,,false,false,,,0.22,26.678333333333335,,,
56,2020-02-24T16:00:00.000Z,1135249,,,,,false,false,,,0.0,26.585833333333333,,,
57,2020-02-25T16:00:00.000Z,990522,,,,,false,false,,,0.915,26.1675,,,
58,2020-02-26T16:00:00.000Z,1288530,,,,,false,false,,,0.45,26.199166666666667,,,
59,2020-02-27T16:00:00.000Z,1285570,,,,,false,false,,,0.0,26.109583333333333,,,
60,2020-02-28T16:00:00.000Z,1473125,,,,,false,false,,,0.01,26.676875,,,
61,2020-02-29T16:00:00.000Z,1477771,,,,,false,false,,,0.025,26.732708333333335,,,
62,2020-03-01T16:00:00.000Z,1231217,,,,,false,false,,,0.0,26.941875,,,
63,2020-03-02T16:00:00.000Z,1227862,,,,,false,false,,,0.005,26.571666666666665,,,
64,2020-03-03T16:00:00.000Z,1123245,,,,,false,false,,,0.015,26.95,,,
65,2020-03-04T16:00:00.000Z,1116433,,,,,false,false,,,0.0,27.387083333333333,,,
66,2020-03-05T16:00:00.000Z,1755259,,,,,false,false,,,0.0,27.713333333333335,,,
67,2020-03-06T16:00:00.000Z,1585590,,,,,false,false,,,0.69,28.299375,,,
68,2020-03-07T16:00:00.000Z,1668667,,,,,false,false,,,1.155,28.473125,,,
69,2020-03-08T16:00:00.000Z,1205851,,,,,false,false,,,0.67,28.343541666666667,,,
70,2020-03-09T16:00:00.000Z,1317675,,,,,false,false,,,2.22,28.285416666666666,,,
71,2020-03-10T16:00:00.000Z,1131380,,,,,false,false,,,2.08,27.495625,,,
72,2020-03-11T16:00:00.000Z,1263861,,,,,false,false,,,0.0,28.210625,,,
73,2020-03-12T16:00:00.000Z,1737085,,,,,false,false,,,0.66,27.975,,,
74,2020-03-13T16:00:00.000Z,1357198,,,,,false,false,,,0.21,28.110208333333333,,,
75,2020-03-14T16:00:00.000Z,267605,,,,,false,false,,,1.48,27.469583333333333,,,
76,2020-03-15T16:00:00.000Z,329963,,,,,false,false,,,0.03,26.810416666666665,,,
77,2020-03-16T16:00:00.000Z,255388,,,,,false,false,,,0.445,26.985416666666666,,,
78,2020-03-17T16:00:00.000Z,350784,,,,,false,false,,,0.31,27.651458333333334,,,
79,2020-03-18T16:00:00.000Z,329776,,,,,false,false,,,0.105,27.889375,,,
80,2020-03-19T16:00:00.000Z,355782,,,,,false,false,,,0.45,28.366458333333334,,,
81,2020-03-20T16:00:00.000Z,187381,,,,,false,false,,,0.255,28.271041666666665,,,
82,2020-03-21T16:00:00.000Z,469199,,,,,false,false,,,0.175,28.420625,,,
83,2020-03-22T16:00:00.000Z,227969,,,,,false,false,,,0.025,28.534791666666667,,,
84,2020-03-23T16:00:00.000Z,311035,,,,,false,false,,,0.05,27.96125,,,
85,2020-03-24T16:00:00.000Z,281085,,,,,false,false,,,0.02,28.149375,,,
86,2020-03-25T16:00:00.000Z,243856,,,,,false,false,,,0.005,28.269166666666667,,,
87,2020-03-26T16:00:00.000Z,402204,,,,,false,false,,,0.24,28.652708333333333,,,
88,2020-03-27T16:00:00.000Z,432599,,,,,false,false,,,0.4,29.030833333333334,,,
89,2020-03-28T16:00:00.000Z,538123,,,,,false,false,,,0.255,29.17,,,
90,2020-03-29T16:00:00.000Z,274192,,,,,false,false,,,1.4,28.8425,,,
91,2020-03-30T16:00:00.000Z,229640,,,,,false,false,,,0.0,29.164791666666666,,,
92,2020-03-31T16:00:00.000Z,320438,,,,,false,false,,,0.235,29.26,,,
93,2020-04-01T16:00:00.000Z,191582,,,,,false,false,,,0.155,29.055625,,,
94,2020-04-02T16:00:00.000Z,251255,,,,,false,false,,,0.015,28.710416666666667,,,
95,2020-04-03T16:00:00.000Z,380726,,,,,false,false,,,0.05,28.699791666666666,,,
96,2020-04-04T16:00:00.000Z,584733,,,,,false,false,,,0.195,29.008333333333333,,,
97,2020-04-05T16:00:00.000Z,386434,,,,,false,false,,,0.05,28.687291666666667,,,
98,2020-04-06T16:00:00.000Z,322846,,,,,false,false,,,0.35,28.94354166666667,,,
99,2020-04-07T16:00:00.000Z,311112,,,,,false,false,,,11.38,28.729166666666668,,,
100,2020-04-08T16:00:00.000Z,557031,,,,,false,false,,,8.47,28.009166666666665,,,
101,2020-04-09T16:00:00.000Z,655058,,,,,false,false,,,1.355,28.622708333333332,,,
102,2020-04-10T16:00:00.000Z,467963,,,,,false,false,,,2.97,28.648333333333333,,,
103,2020-04-11T16:00:00.000Z,462488,,,,,false,false,,,2.675,28.010416666666668,,,
104,2020-04-12T16:00:00.000Z,404401,,,,,false,false,,,2.04,27.870416666666667,,,
105,2020-04-13T16:00:00.000Z,188335,,,,,false,false,,,0.135,27.736458333333335,,,
106,2020-04-14T16:00:00.000Z,256358,,,,,false,false,,,1.835,28.364375,,,
107,2020-04-15T16:00:00.000Z,254988,,,,,false,false,,,8.375,28.742291666666667,,,
108,2020-04-16T16:00:00.000Z,588921,,,,,false,false,,,0.64,28.711666666666666,,,
109,2020-04-17T16:00:00.000Z,423272,,,,,false,false,,,1.675,28.936041666666668,,,
110,2020-04-18T16:00:00.000Z,437555,,,,,false,false,,,0.63,29.69875,,,
111,2020-04-19T16:00:00.000Z,281222,,,,,false,false,,,0.53,29.82208333333333,,,
112,2020-04-20T16:00:00.000Z,299625,,,,,false,false,,,0.005,30.2275,,,
113,2020-04-21T16:00:00.000Z,326054,,,,,false,false,,,0.915,30.006458333333335,,,
114,2020-04-22T16:00:00.000Z,339483,,,,,false,false,,,0.725,30.283958333333334,,,
115,2020-04-23T16:00:00.000Z,324446,,,,,false,false,,,0.025,30.245208333333334,,,
116,2020-04-24T16:00:00.000Z,487667,,,,,false,false,,,0.145,29.892291666666665,,,
117,2020-04-25T16:00:00.000Z,279903,,,,,false,false,,,0.385,29.60125,,,
118,2020-04-26T16:00:00.000Z,413976,,,,,false,false,,,0.19,29.614791666666665,,,
119,2020-04-27T16:00:00.000Z,397124,,,,,false,false,,,0.005,29.763958333333335,,,
120,2020-04-28T16:00:00.000Z,354416,,,,,false,false,,,0.415,29.243125,,,
121,2020-04-29T16:00:00.000Z,399996,,,,,false,false,,,0.14,29.628333333333334,,,
122,2020-04-30T16:00:00.000Z,426454,,,,,false,false,,,0.115,29.670625,,,
123,2020-05-01T16:00:00.000Z,380325,,,,,false,false,,,0.055,30.05625,,,
124,2020-05-02T16:00:00.000Z,359484,,,,,false,false,,,2.465,29.497291666666666,,,
125,2020-05-03T16:00:00.000Z,252616,,,,,false,false,,,0.42,30.703125,,,
126,2020-05-04T16:00:00.000Z,195936,,,,,false,false,,,0.11,30.94125,,,
127,2020-05-05T16:00:00.000Z,477850,,,,,false,false,,,0.87,30.871041666666667,,,
128,2020-05-06T16:00:00.000Z,475769,,,,,false,false,,,1.715,30.605416666666667,,,
129,2020-05-07T16:00:00.000Z,428359,,,,,false,false,,,0.37,31.054791666666667,,,
130,2020-05-08T16:00:00.000Z,279128,,,,,false,false,,,8.75,29.996666666666666,,,
131,2020-05-09T16:00:00.000Z,297004,,,,,false,false,,,31.365,29.448333333333334,,,
132,2020-05-10T16:00:00.000Z,366217,,,,,false,false,,,1.765,30.474375,,,
133,2020-05-11T16:00:00.000Z,364589,,,,,false,false,,,1.445,30.143958333333334,,,
134,2020-05-12T16:00:00.000Z,187915,,,,,false,false,,,2.58,29.831041666666668,,,
135,2020-05-13T16:00:00.000Z,368732,,,,,false,false,,,1.325,29.91875,,,
136,2020-05-14T16:00:00.000Z,279281,,,,,false,false,,,134.255,27.010416666666668,,,
137,2020-05-15T16:00:00.000Z,468101,,,,,false,false,,,24.835,27.913958333333333,,,
138,2020-05-16T16:00:00.000Z,444219,,,,,false,false,,,2.79,28.856875,,,
139,2020-05-17T16:00:00.000Z,338732,,,,,false,false,,,1.365,29.410208333333333,,,
140,2020-05-18T16:00:00.000Z,174040,,,,,false,false,,,4.835,28.9675,,,
141,2020-05-19T16:00:00.000Z,225382,,,,,false,false,,,2.585,29.502291666666668,,,
142,2020-05-20T16:00:00.000Z,327383,,,,,false,false,,,4.67,29.3525,,,
143,2020-05-21T16:00:00.000Z,484384,,,,,false,false,,,4.72,29.6525,,,
144,2020-05-22T16:00:00.000Z,295077,,,,,false,false,,,16.66,28.577291666666667,,,
145,2020-05-23T16:00:00.000Z,533799,,,,,false,false,,,3.115,28.718541666666667,,,
146,2020-05-24T16:00:00.000Z,296193,,,,,false,false,,,2.995,29.22625,,,
147,2020-05-25T16:00:00.000Z,216294,,,,,false,false,,,2.22,29.055208333333333,,,
148,2020-05-26T16:00:00.000Z,412175,,,,,false,false,,,6.72,28.713333333333335,,,
149,2020-05-27T16:00:00.000Z,292188,,,,,false,false,,,2.68,28.957708333333333,,,
150,2020-05-28T16:00:00.000Z,476888,,,,,false,false,,,6.655,28.72458333333333,,,
151,2020-05-29T16:00:00.000Z,459124,,,,,false,false,,,1.175,29.056041666666665,,,
152,2020-05-30T16:00:00.000Z,491005,,,,,false,false,,,0.235,29.756666666666668,,,
153,2020-05-31T16:00:00.000Z,611521,,,,,false,false,,,3.955,29.104791666666667,,,
154,2020-06-01T16:00:00.000Z,609054,,,,,false,false,,,1.29,29.765416666666667,,,
155,2020-06-02T16:00:00.000Z,506232,,,,,false,false,,,0.45,29.717708333333334,,,
156,2020-06-03T16:00:00.000Z,524577,,,,,false,false,,,0.99,30.018333333333334,,,
157,2020-06-04T16:00:00.000Z,940650,,,,,false,false,,,1.43,30.227708333333332,,,
158,2020-06-05T16:00:00.000Z,842105,,,,,false,false,,,1.18,30.731666666666666,,,
159,2020-06-06T16:00:00.000Z,664529,,,,,false,false,,,9.205,29.716041666666666,,,
160,2020-06-07T16:00:00.000Z,463008,,,,,false,false,,,6.575,28.733125,,,
161,2020-06-08T16:00:00.000Z,600329,,,,,false,false,,,3.165,29.616875,,,
162,2020-06-09T16:00:00.000Z,543715,,,,,false,false,,,4.575,28.8875,,,
163,2020-06-10T16:00:00.000Z,430926,,,,,false,false,,,44.92,27.061666666666667,,,
164,2020-06-11T16:00:00.000Z,716260,,,,,false,false,,,30.855,26.18125,,,
165,2020-06-12T16:00:00.000Z,568835,,,,,false,false,,,15.69,27.604583333333334,,,
166,2020-06-13T16:00:00.000Z,889441,,,,,false,false,,,7.26,27.801458333333333,,,
167,2020-06-14T16:00:00.000Z,546658,,,,,false,false,,,9.145,27.718958333333333,,,
168,2020-06-15T16:00:00.000Z,475629,,,,,false,false,,,0.505,28.773333333333333,,,
169,2020-06-16T16:00:00.000Z,463951,,,,,false,false,,,0.875,29.27375,,,
170,2020-06-17T16:00:00.000Z,650253,,,,,false,false,,,11.63,29.132291666666667,,,
171,2020-06-18T16:00:00.000Z,629964,,,,,false,false,,,28.39,27.338541666666668,,,
172,2020-06-19T16:00:00.000Z,715518,,,,,false,false,,,4.93,27.393333333333334,,,
173,2020-06-20T16:00:00.000Z,864778,,,,,false,false,,,1.53,28.761666666666667,,,
174,2020-06-21T16:00:00.000Z,628930,,,,,false,false,,,4.175,29.335833333333333,,,
175,2020-06-22T16:00:00.000Z,555810,,,,,false,false,,,4.22,28.81375,,,
176,2020-06-23T16:00:00.000Z,431155,,,,,false,false,,,5.525,28.69375,,,
177,2020-06-24T16:00:00.000Z,548352,,,,,false,false,,,14.73,28.260833333333334,,,
178,2020-06-25T16:00:00.000Z,823769,,,,,false,false,,,4.61,28.029166666666665,,,
179,2020-06-26T16:00:00.000Z,577803,,,,,false,false,,,7.71,28.283958333333334,,,
180,2020-06-27T16:00:00.000Z,794909,,,,,false,false,,,16.865,27.388333333333332,,,
181,2020-06-28T16:00:00.000Z,478402,,,,,false,false,,,3.45,27.695416666666667,,,
182,2020-06-29T16:00:00.000Z,655606,,,,,false,false,,,3.16,27.995416666666667,,,
183,2020-06-30T16:00:00.000Z,505364,,,,,false,false,,,0.13,28.598125,,,
184,2020-07-01T16:00:00.000Z,462849,,,,,false,false,,,3.23,28.745208333333334,,,
185,2020-07-02T16:00:00.000Z,738574,,,,,false,false,,,7.76,28.717291666666668,,,
186,2020-07-03T16:00:00.000Z,479081,,,,,false,false,,,11.83,27.620416666666667,,,
187,2020-07-04T16:00:00.000Z,585076,,,,,false,false,,,2.78,27.779166666666665,,,
188,2020-07-05T16:00:00.000Z,550206,,,,,false,false,,,11.63,28.074166666666667,,,
189,2020-07-06T16:00:00.000Z,771499,,,,,false,false,,,0.75,28.973958333333332,,,
190,2020-07-07T16:00:00.000Z,532697,,,,,false,false,,,16.935,28.813125,,,
191,2020-07-08T16:00:00.000Z,535466,,,,,false,false,,,4.83,28.785625,,,
192,2020-07-09T16:00:00.000Z,688369,,,,,false,false,,,12.98,28.298958333333335,,,
193,2020-07-10T16:00:00.000Z,762223,,,,,false,false,,,11.245,27.33416666666667,,,
194,2020-07-11T16:00:00.000Z,727695,,,,,false,false,,,5.185,27.89666666666667,,,
195,2020-07-12T16:00:00.000Z,573722,,,,,false,false,,,12.315,26.925416666666667,,,
196,2020-07-13T16:00:00.000Z,474313,,,,,false,false,,,0.98,28.52875,,,
197,2020-07-14T16:00:00.000Z,704562,,,,,false,false,,,10.21,28.789791666666666,,,
198,2020-07-15T16:00:00.000Z,592426,,,,,false,false,,,2.795,28.776875,,,
199,2020-07-16T16:00:00.000Z,644271,,,,,false,false,,,6.03,28.946458333333332,,,
200,2020-07-17T16:00:00.000Z,855671,,,,,false,false,,,0.485,29.5275,,,
201,2020-07-18T16:00:00.000Z,808022,,,,,false,false,,,8.625,28.384166666666665,,,
202,2020-07-19T16:00:00.000Z,587940,,,,,false,false,,,9.16,27.491875,,,
203,2020-07-20T16:00:00.000Z,688406,,,,,false,false,,,24.465,28.268958333333334,,,
204,2020-07-21T16:00:00.000Z,592671,,,,,false,false,,,3.675,28.222083333333334,,,
205,2020-07-22T16:00:00.000Z,437805,,,,,false,false,,,10.065,28.679166666666667,,,
206,2020-07-23T16:00:00.000Z,879804,,,,,false,false,,,22.555,27.84875,,,
207,2020-07-24T16:00:00.000Z,613323,,,,,false,false,,,7.425,28.148541666666667,,,
208,2020-07-25T16:00:00.000Z,774755,,,,,false,false,,,9.165,28.217083333333335,,,
209,2020-07-26T16:00:00.000Z,732452,,,,,false,false,,,33.52,27.944375,,,
210,2020-07-27T16:00:00.000Z,483336,,,,,false,false,,,29.495,26.987916666666667,,,
211,2020-07-28T16:00:00.000Z,485277,,,,,false,false,,,33.665,26.920416666666668,,,
212,2020-07-29T16:00:00.000Z,574714,,,,,false,false,,,74.445,25.96125,,,
213,2020-07-30T16:00:00.000Z,959326,,,,,false,false,,,18.29,26.827708333333334,,,
214,2020-07-31T16:00:00.000Z,484019,,,,,false,false,,,10.4,26.856875,,,
215,2020-08-01T16:00:00.000Z,770412,,,,,false,false,,,5.785,26.62125,,,
216,2020-08-02T16:00:00.000Z,603202,,,,,false,false,,,0.855,27.8325,,,
217,2020-08-03T16:00:00.000Z,534471,,,,,false,false,,,5.285,27.910833333333333,,,
218,2020-08-04T16:00:00.000Z,570398,,,,,false,false,,,3.595,27.829583333333332,,,
219,2020-08-05T16:00:00.000Z,466588,,,,,false,false,,,10.12,27.679166666666667,,,
220,2020-08-06T16:00:00.000Z,677480,,,,,false,false,,,24.165,26.651875,,,
221,2020-08-07T16:00:00.000Z,595449,,,,,false,false,,,42.63,26.283958333333334,,,
222,2020-08-08T16:00:00.000Z,728519,,,,,false,false,,,37.405,26.526458333333334,,,
223,2020-08-09T16:00:00.000Z,563814,,,,,false,false,,,18.105,27.45,,,
224,2020-08-10T16:00:00.000Z,522838,,,,,false,false,,,5.015,27.699375,,,
225,2020-08-11T16:00:00.000Z,566440,,,,,false,false,,,4.985,27.290208333333332,,,
226,2020-08-12T16:00:00.000Z,570951,,,,,false,false,,,17.93,27.118125,,,
227,2020-08-13T16:00:00.000Z,661029,,,,,false,false,,,13.425,26.792083333333334,,,
228,2020-08-14T16:00:00.000Z,524137,,,,,false,false,,,8.65,26.785416666666666,,,
229,2020-08-15T16:00:00.000Z,599451,,,,,false,false,,,6.48,26.864791666666665,,,
230,2020-08-16T16:00:00.000Z,613227,,,,,false,false,,,6.1,27.09875,,,
231,2020-08-17T16:00:00.000Z,464750,,,,,false,false,,,6.28,27.022916666666667,,,
232,2020-08-18T16:00:00.000Z,468142,,,,,false,false,,,26.165,26.871666666666666,,,
233,2020-08-19T16:00:00.000Z,632766,,,,,false,false,,,81.005,26.18166666666667,,,
234,2020-08-20T16:00:00.000Z,614032,,,,,false,false,,,8.895,27.031875,,,
235,2020-08-21T16:00:00.000Z,516687,,,,,false,false,,,4.375,27.78125,,,
236,2020-08-22T16:00:00.000Z,599840,,,,,false,false,,,2.695,28.153125,,,
237,2020-08-23T16:00:00.000Z,598716,,,,,false,false,,,0.705,28.203333333333333,,,
238,2020-08-24T16:00:00.000Z,611089,,,,,false,false,,,0.045,28.451458333333335,,,
239,2020-08-25T16:00:00.000Z,443939,,,,,false,false,,,0.62,28.578333333333333,,,
240,2020-08-26T16:00:00.000Z,455410,,,,,false,false,,,0.155,28.59625,,,
241,2020-08-27T16:00:00.000Z,664074,,,,,false,false,,,0.81,28.498958333333334,,,
242,2020-08-28T16:00:00.000Z,683800,,,,,false,false,,,0.395,28.547916666666666,,,
243,2020-08-29T16:00:00.000Z,601917,,,,,false,false,,,16.775,27.636458333333334,,,
244,2020-08-30T16:00:00.000Z,489333,,,,,false,false,,,17.5,27.749583333333334,,,
245,2020-08-31T16:00:00.000Z,624461,,,,,false,false,,,7.095,27.664166666666667,,,
246,2020-09-01T16:00:00.000Z,937911,,,,,false,false,,,1.605,28.156458333333333,,,
247,2020-09-02T16:00:00.000Z,668463,,,,,false,false,,,4.17,28.057916666666667,,,
248,2020-09-03T16:00:00.000Z,986523,,,,,false,false,,,1.1,28.012083333333333,,,
249,2020-09-04T16:00:00.000Z,751947,,,,,false,false,,,2.755,27.962083333333332,,,
250,2020-09-05T16:00:00.000Z,919592,,,,,false,false,,,8.61,27.64875,,,
251,2020-09-06T16:00:00.000Z,906206,,,,,false,false,,,15.395,27.575416666666666,,,
252,2020-09-07T16:00:00.000Z,954721,,,,,false,false,,,4.13,28.083541666666665,,,
253,2020-09-08T16:00:00.000Z,896097,,,,,false,false,,,9.13,27.9425,,,
254,2020-09-09T16:00:00.000Z,695077,,,,,false,false,,,11.82,27.7325,,,
255,2020-09-10T16:00:00.000Z,1127507,,,,,false,false,,,6.37,27.890625,,,
256,2020-09-11T16:00:00.000Z,964062,,,,,false,false,,,19.645,27.089166666666667,,,
257,2020-09-12T16:00:00.000Z,888534,,,,,false,false,,,2.365,28.28375,,,
258,2020-09-13T16:00:00.000Z,1009794,,,,,false,false,,,24.905,28.221875,,,
259,2020-09-14T16:00:00.000Z,1046232,,,,,false,false,,,13.935,27.314375,,,
260,2020-09-15T16:00:00.000Z,712039,,,,,false,false,,,12.365,27.018958333333334,,,
261,2020-09-16T16:00:00.000Z,730271,,,,,false,false,,,5.755,26.539791666666666,,,
262,2020-09-17T16:00:00.000Z,1315803,,,,,false,false,,,6.825,26.949791666666666,,,
263,2020-09-18T16:00:00.000Z,989436,,,,,false,false,,,6.295,27.225833333333334,,,
264,2020-09-19T16:00:00.000Z,796666,,,,,false,false,,,3.07,27.955416666666668,,,
265,2020-09-20T16:00:00.000Z,861251,,,,,false,false,,,1.005,28.189583333333335,,,
266,2020-09-21T16:00:00.000Z,912817,,,,,false,false,,,4.805,27.937291666666667,,,
267,2020-09-22T16:00:00.000Z,733008,,,,,false,false,,,23.56,26.980625,,,
268,2020-09-23T16:00:00.000Z,828456,,,,,false,false,,,20.6,27.066041666666667,,,
269,2020-09-24T16:00:00.000Z,1047399,,,,,false,false,,,24.81,26.810208333333332,,,
270,2020-09-25T16:00:00.000Z,1119773,,,,,false,false,,,8.26,27.206666666666667,,,
271,2020-09-26T16:00:00.000Z,1144323,,,,,false,false,,,0.51,28.119375,,,
272,2020-09-27T16:00:00.000Z,830418,,,,,false,false,,,5.0,27.589791666666667,,,
273,2020-09-28T16:00:00.000Z,759785,,,,,false,false,,,7.04,27.348125,,,
274,2020-09-29T16:00:00.000Z,714609,,,,,false,false,,,2.635,27.600416666666668,,,
275,2020-09-30T16:00:00.000Z,820040,,,,,false,false,,,10.125,27.54375,,,
276,2020-10-01T16:00:00.000Z,1030893,,,,,false,false,,,9.7,27.311875,,,
277,2020-10-02T16:00:00.000Z,955155,,,,,false,false,,,13.45,26.911041666666666,,,
278,2020-10-03T16:00:00.000Z,809271,,,,,false,false,,,3.16,27.773125,,,
279,2020-10-04T16:00:00.000Z,710968,,,,,false,false,,,1.515,27.754791666666666,,,
280,2020-10-05T16:00:00.000Z,755036,,,,,false,false,,,11.58,27.946041666666666,,,
281,2020-10-06T16:00:00.000Z,803927,,,,,false,false,,,13.42,27.27166666666667,,,
282,2020-10-07T16:00:00.000Z,922221,,,,,false,false,,,6.785,27.331041666666668,,,
283,2020-10-08T16:00:00.000Z,1058852,,,,,false,false,,,9.795,26.49,,,
284,2020-10-09T16:00:00.000Z,1235118,,,,,false,false,,,21.24,26.688958333333332,,,
285,2020-10-10T16:00:00.000Z,1184970,,,,,false,false,,,26.115,26.07625,,,
286,2020-10-11T16:00:00.000Z,737816,,,,,false,false,,,30.145,26.081875,,,
287,2020-10-12T16:00:00.000Z,828398,,,,,false,false,,,10.405,26.628125,,,
288,2020-10-13T16:00:00.000Z,917138,,,,,false,false,,,18.705,25.99125,,,
289,2020-10-14T16:00:00.000Z,760519,,,,,false,false,,,10.985,27.004375,,,
290,2020-10-15T16:00:00.000Z,1183548,,,,,false,false,,,6.575,27.038541666666667,,,
291,2020-10-16T16:00:00.000Z,1089484,,,,,false,false,,,17.895,26.601041666666667,,,
292,2020-10-17T16:00:00.000Z,1125849,,,,,false,false,,,13.825,26.399166666666666,,,
293,2020-10-18T16:00:00.000Z,844615,,,,,false,false,,,1.495,27.499375,,,
294,2020-10-19T16:00:00.000Z,809366,,,,,false,false,,,74.415,26.104375,,,
295,2020-10-20T16:00:00.000Z,840553,,,,,false,false,,,25.535,26.84958333333333,,,
296,2020-10-21T16:00:00.000Z,931330,,,,,false,false,,,10.61,27.174166666666668,,,
297,2020-10-22T16:00:00.000Z,974615,,,,,false,false,,,25.405,26.678333333333335,,,
298,2020-10-23T16:00:00.000Z,1127213,,,,,false,false,,,28.275,26.237916666666667,,,
299,2020-10-24T16:00:00.000Z,964823,,,,,false,false,,,15.585,26.327083333333334,,,
300,2020-10-25T16:00:00.000Z,711121,,,,,false,false,,,31.83,26.283333333333335,,,
301,2020-10-26T16:00:00.000Z,715224,,,,,false,false,,,15.655,26.483541666666667,,,
302,2020-10-27T16:00:00.000Z,830198,,,,,false,false,,,4.565,26.885833333333334,,,
303,2020-10-28T16:00:00.000Z,1111800,,,,,false,false,,,7.765,26.897083333333335,,,
304,2020-10-29T16:00:00.000Z,1879884,,,,,false,false,,,1.415,27.764791666666667,,,
305,2020-10-30T16:00:00.000Z,1353571,,,,,false,false,,,0.71,27.850625,,,
306,2020-10-31T16:00:00.000Z,1618285,,,,,false,false,,,12.935,25.490833333333335,,,
307,2020-11-01T16:00:00.000Z,1096899,,,,,false,false,,,2.42,26.504166666666666,,,
308,2020-11-02T16:00:00.000Z,1154411,,,,,false,false,,,6.705,26.652708333333333,,,
309,2020-11-03T16:00:00.000Z,664494,,,,,false,false,,,14.77,26.0425,,,
310,2020-11-04T16:00:00.000Z,948489,,,,,false,false,,,9.32,26.429375,,,
311,2020-11-05T16:00:00.000Z,933432,,,,,false,false,,,1.725,26.930625,,,
312,2020-11-06T16:00:00.000Z,900596,,,,,false,false,,,3.115,26.895833333333332,,,
313,2020-11-07T16:00:00.000Z,934872,,,,,false,false,,,5.58,26.841666666666665,,,
314,2020-11-08T16:00:00.000Z,911607,,,,,false,false,,,7.76,26.484166666666667,,,
315,2020-11-09T16:00:00.000Z,747326,,,,,false,false,,,8.22,26.619583333333335,,,
316,2020-11-10T16:00:00.000Z,894029,,,,,false,false,,,37.145,26.28625,,,
317,2020-11-11T16:00:00.000Z,652611,,,,,false,false,,,150.44,25.824583333333333,,,
318,2020-11-12T16:00:00.000Z,828456,,,,,false,false,,,5.625,27.369583333333335,,,
319,2020-11-13T16:00:00.000Z,1153923,,,,,false,false,,,1.14,27.13875,,,
320,2020-11-14T16:00:00.000Z,984967,,,,,false,false,,,0.295,27.596666666666668,,,
321,2020-11-15T16:00:00.000Z,745807,,,,,false,false,,,0.345,27.43166666666667,,,
322,2020-11-16T16:00:00.000Z,735893,,,,,false,false,,,0.255,27.165208333333332,,,
323,2020-11-17T16:00:00.000Z,917863,,,,,false,false,,,0.295,27.126458333333332,,,
324,2020-11-18T16:00:00.000Z,885829,,,,,false,false,,,0.03,27.464791666666667,,,
325,2020-11-19T16:00:00.000Z,1162325,,,,,false,false,,,0.575,27.382083333333334,,,
326,2020-11-20T16:00:00.000Z,898195,,,,,false,false,,,0.09,27.434583333333332,,,
327,2020-11-21T16:00:00.000Z,1413737,,,,,false,false,,,0.085,27.15020833333333,,,
328,2020-11-22T16:00:00.000Z,684262,,,,,false,false,,,0.005,27.004791666666666,,,
329,2020-11-23T16:00:00.000Z,726223,,,,,false,false,,,0.0,27.149166666666666,,,
330,2020-11-24T16:00:00.000Z,961229,,,,,false,false,,,0.015,26.717708333333334,,,
331,2020-11-25T16:00:00.000Z,814329,,,,,false,false,,,0.135,26.930625,,,
332,2020-11-26T16:00:00.000Z,873802,,,,,false,false,,,12.035,26.638541666666665,,,
333,2020-11-27T16:00:00.000Z,943987,,,,,false,false,,,2.78,27.243333333333332,,,
334,2020-11-28T16:00:00.000Z,1103598,,,,,false,false,,,8.44,26.084583333333335,,,
335,2020-11-29T16:00:00.000Z,834947,,,,,false,false,,,0.365,26.664375,,,
336,2020-11-30T16:00:00.000Z,828522,,,,,false,false,,,0.0,26.399583333333332,,,
337,2020-12-01T16:00:00.000Z,876998,,,,,false,false,,,0.365,26.859583333333333,,,
338,2020-12-02T16:00:00.000Z,940558,,,,,false,false,,,3.12,27.12125,,,
339,2020-12-03T16:00:00.000Z,890998,,,,,false,false,,,14.625,26.7075,,,
340,2020-12-04T16:00:00.000Z,1008909,,,,,false,false,,,2.48,26.683958333333333,,,
341,2020-12-05T16:00:00.000Z,1122532,,,,,false,false,,,0.485,27.49,,,
342,2020-12-06T16:00:00.000Z,769038,,,,,false,false,,,3.285,26.672083333333333,,,
343,2020-12-07T16:00:00.000Z,1019434,,,,,false,false,,,5.19,26.917708333333334,,,
344,2020-12-08T16:00:00.000Z,1029514,,,,,false,false,,,1.15,27.226041666666667,,,
345,2020-12-09T16:00:00.000Z,644434,,,,,false,false,,,13.67,26.058958333333333,,,
346,2020-12-10T16:00:00.000Z,1254895,,,,,false,false,,,1.595,26.790208333333332,,,
347,2020-12-11T16:00:00.000Z,904930,,,,,false,false,,,5.715,26.796458333333334,,,
348,2020-12-12T16:00:00.000Z,1040562,,,,,false,false,,,7.96,26.515833333333333,,,
349,2020-12-13T16:00:00.000Z,871193,,,,,false,false,,,1.54,26.772916666666667,,,
350,2020-12-14T16:00:00.000Z,1397216,,,,,false,false,,,1.4,26.867291666666667,,,
351,2020-12-15T16:00:00.000Z,1271452,,,,,false,false,,,0.36,26.825416666666666,,,
352,2020-12-16T16:00:00.000Z,1380307,,,,,false,false,,,1.18,26.337083333333332,,,
353,2020-12-17T16:00:00.000Z,1484322,,,,,false,false,,,4.55,26.517083333333332,,,
354,2020-12-18T16:00:00.000Z,1715541,,,,,false,false,,,66.085,24.945208333333333,,,
355,2020-12-19T16:00:00.000Z,1984169,,,,,false,false,,,34.295,25.610833333333332,,,
356,2020-12-20T16:00:00.000Z,1275965,,,,,false,false,,,1.185,26.189375,,,
357,2020-12-21T16:00:00.000Z,1304954,,,,,false,false,,,0.36,26.668125,,,
358,2020-12-22T16:00:00.000Z,1037426,,,,,false,false,,,2.15,26.772291666666668,,,
359,2020-12-23T16:00:00.000Z,1189112,,,,,false,false,,,0.13,26.839166666666667,,,
360,2020-12-24T16:00:00.000Z,1592510,,,,,false,false,,,0.195,26.928958333333334,,,
361,2020-12-25T16:00:00.000Z,1389554,,,,,false,false,,,4.385,26.721666666666668,,,
362,2020-12-26T16:00:00.000Z,1387734,,,,,false,false,,,47.505,24.983125,,,
363,2020-12-27T16:00:00.000Z,1262718,,,,,false,false,,,0.625,25.971458333333334,,,
364,2020-12-28T16:00:00.000Z,1272251,,,,,false,false,,,3.81,26.669375,,,
365,2020-12-29T16:00:00.000Z,1293509,,,,,false,false,,,8.885,26.83,,,
366,2020-12-30T16:00:00.000Z,1204746,,,,,false,false,,,0.265,25.246458333333333,,,
367,2020-12-31T16:00:00.000Z,1710550,,,,,false,false,,,8.87,24.697708333333335,,,
368,2021-01-01T16:00:00.000Z,1706184,,,,,false,false,,,0.02,25.725208333333335,,,
369,2021-01-02T16:00:00.000Z,1907950,,,,,false,false,,,6.315,25.398333333333333,,,
370,2021-01-03T16:00:00.000Z,1077330,,,,,false,false,,,0.24,26.720208333333332,,,
371,2021-01-04T16:00:00.000Z,1191885,,,,,false,false,,,0.31,26.55625,,,
372,2021-01-05T16:00:00.000Z,1102851,,,,,false,false,,,0.03,26.35625,,,
373,2021-01-06T16:00:00.000Z,706862,,,,,false,false,,,0.205,26.200208333333332,,,
374,2021-01-07T16:00:00.000Z,1095478,,,,,false,false,,,0.165,26.016875,,,
375,2021-01-08T16:00:00.000Z,895750,,,,,false,false,,,0.165,25.120208333333334,,,
376,2021-01-09T16:00:00.000Z,1180870,,,,,false,false,,,0.055,24.4525,,,
377,2021-01-10T16:00:00.000Z,1022226,,,,,false,false,,,0.0,24.414375,,,
378,2021-01-11T16:00:00.000Z,709627,,,,,false,false,,,0.0,24.065,,,
379,2021-01-12T16:00:00.000Z,780437,,,,,false,false,,,0.01,24.729791666666667,,,
380,2021-01-13T16:00:00.000Z,904562,,,,,false,false,,,0.06,25.804791666666667,,,
381,2021-01-14T16:00:00.000Z,1113266,,,,,false,false,,,0.39,26.106041666666666,,,
382,2021-01-15T16:00:00.000Z,1128084,,,,,false,false,,,0.005,26.192291666666666,,,
383,2021-01-16T16:00:00.000Z,973181,,,,,false,false,,,0.195,25.875625,,,
384,2021-01-17T16:00:00.000Z,1084380,,,,,false,false,,,0.175,25.70125,,,
385,2021-01-18T16:00:00.000Z,818936,,,,,false,false,,,6.11,25.291875,,,
386,2021-01-19T16:00:00.000Z,1099980,,,,,false,false,,,23.96,25.144166666666667,,,
387,2021-01-20T16:00:00.000Z,801818,,,,,false,false,,,45.965,25.138958333333335,,,
388,2021-01-21T16:00:00.000Z,1105044,,,,,false,false,,,4.925,25.682916666666667,,,
389,2021-01-22T16:00:00.000Z,957600,,,,,false,false,,,4.05,26.223125,,,
390,2021-01-23T16:00:00.000Z,1194975,,,,,false,false,,,7.215,26.22833333333333,,,
391,2021-01-24T16:00:00.000Z,882609,,,,,false,false,,,1.235,26.703958333333333,,,
392,2021-01-25T16:00:00.000Z,834427,,,,,false,false,,,1.415,26.618125,,,
393,2021-01-26T16:00:00.000Z,968239,,,,,false,false,,,2.725,26.238958333333333,,,
394,2021-01-27T16:00:00.000Z,1091235,,,,,false,false,,,0.47,25.883541666666666,,,
395,2021-01-28T16:00:00.000Z,929702,,,,,false,false,,,0.125,24.7775,,,
396,2021-01-29T16:00:00.000Z,1021897,,,,,false,false,,,0.0,24.015625,,,
397,2021-01-30T16:00:00.000Z,1160203,,,,,false,false,,,0.0,23.882291666666667,,,
398,2021-01-31T16:00:00.000Z,794894,,,,,false,false,,,0.035,24.647291666666668,,,
399,2021-02-01T16:00:00.000Z,979933,,,,,false,false,,,0.0,25.175416666666667,,,
400,2021-02-02T16:00:00.000Z,893889,,,,,false,false,,,0.02,25.79,,,
401,2021-02-03T16:00:00.000Z,1005142,,,,,false,false,,,0.0,25.848541666666666,,,
402,2021-02-04T16:00:00.000Z,1185983,,,,,false,false,,,0.015,25.929791666666667,,,
403,2021-02-05T16:00:00.000Z,1074236,,,,,false,false,,,0.075,26.356458333333332,,,
404,2021-02-06T16:00:00.000Z,1194357,,,,,false,false,,,0.155,27.061666666666667,,,
405,2021-02-07T16:00:00.000Z,1105712,,,,,false,false,,,0.13,26.768541666666668,,,
406,2021-02-08T16:00:00.000Z,800405,,,,,false,false,,,8.77,25.439583333333335,,,
407,2021-02-09T16:00:00.000Z,775346,,,,,false,false,,,4.96,25.238333333333333,,,
408,2021-02-10T16:00:00.000Z,903093,,,,,false,false,,,6.68,25.871666666666666,,,
409,2021-02-11T16:00:00.000Z,891222,,,,,false,false,,,1.265,26.576875,,,
410,2021-02-12T16:00:00.000Z,1163547,,,,,false,false,,,0.995,25.191458333333333,,,
411,2021-02-13T16:00:00.000Z,1184445,,,,,false,false,,,1.765,25.722291666666667,,,
412,2021-02-14T16:00:00.000Z,1032022,,,,,false,false,,,1.395,25.399166666666666,,,
413,2021-02-15T16:00:00.000Z,917595,,,,,false,false,,,0.305,25.698541666666667,,,
414,2021-02-16T16:00:00.000Z,676869,,,,,false,false,,,0.165,25.1925,,,
415,2021-02-17T16:00:00.000Z,784646,,,,,false,false,,,0.185,25.233333333333334,,,
416,2021-02-18T16:00:00.000Z,1248077,,,,,false,false,,,0.0,24.164166666666667,,,
417,2021-02-19T16:00:00.000Z,874189,,,,,false,false,,,0.0,23.39,,,
418,2021-02-20T16:00:00.000Z,1148146,,,,,false,false,,,2.095,24.121458333333333,,,
419,2021-02-21T16:00:00.000Z,1050373,,,,,false,false,,,6.635,25.652916666666666,,,
420,2021-02-22T16:00:00.000Z,992717,,,,,false,false,,,21.39,25.021875,,,
421,2021-02-23T16:00:00.000Z,900686,,,,,false,false,,,1.255,26.628541666666667,,,
422,2021-02-24T16:00:00.000Z,773487,,,,,false,false,,,0.085,27.08,,,
423,2021-02-25T16:00:00.000Z,1287209,,,,,false,false,,,0.135,26.996666666666666,,,
424,2021-02-26T16:00:00.000Z,982446,,,,,false,false,,,1.32,27.39875,,,
425,2021-02-27T16:00:00.000Z,1128844,,,,,false,false,,,2.8,27.095833333333335,,,
426,2021-02-28T16:00:00.000Z,844006,,,,,false,false,,,5.945,26.898958333333333,,,
427,2021-03-01T16:00:00.000Z,1021760,,,,,false,false,,,1.075,27.122916666666665,,,
428,2021-03-02T16:00:00.000Z,807689,,,,,false,false,,,0.61,26.860416666666666,,,
429,2021-03-03T16:00:00.000Z,903872,,,,,false,false,,,0.24,26.672916666666666,,,
430,2021-03-04T16:00:00.000Z,1204752,,,,,false,false,,,0.005,27.016041666666666,,,
431,2021-03-05T16:00:00.000Z,1062393,,,,,false,false,,,0.0,27.061458333333334,,,
432,2021-03-06T16:00:00.000Z,1254916,,,,,false,false,,,0.01,26.91,,,
433,2021-03-07T16:00:00.000Z,1045068,,,,,false,false,,,0.025,27.164166666666667,,,
434,2021-03-08T16:00:00.000Z,844617,,,,,false,false,,,0.07,26.67125,,,
435,2021-03-09T16:00:00.000Z,914319,,,,,false,false,,,0.0,27.085208333333334,,,
436,2021-03-10T16:00:00.000Z,882566,,,,,false,false,,,0.085,27.22479166666667,,,
437,2021-03-11T16:00:00.000Z,976026,,,,,false,false,,,0.24,26.995208333333334,,,
438,2021-03-12T16:00:00.000Z,1215451,,,,,false,false,,,1.985,26.409583333333334,,,
439,2021-03-13T16:00:00.000Z,1243530,,,,,false,false,,,3.51,26.621041666666667,,,
440,2021-03-14T16:00:00.000Z,998868,,,,,false,false,,,2.365,26.718333333333334,,,
441,2021-03-15T16:00:00.000Z,802534,,,,,false,false,,,4.69,26.992083333333333,,,
442,2021-03-16T16:00:00.000Z,822895,,,,,false,false,,,1.78,27.583125,,,
443,2021-03-17T16:00:00.000Z,933607,,,,,false,false,,,1.635,28.187708333333333,,,
444,2021-03-18T16:00:00.000Z,1466645,,,,,false,false,,,4.765,27.88375,,,
445,2021-03-19T16:00:00.000Z,1144361,,,,,false,false,,,5.02,27.657916666666665,,,
446,2021-03-20T16:00:00.000Z,1288286,,,,,false,false,,,4.735,27.714791666666667,,,
447,2021-03-21T16:00:00.000Z,791210,,,,,false,false,,,1.02,28.045833333333334,,,
448,2021-03-22T16:00:00.000Z,932786,,,,,false,false,,,0.195,27.660416666666666,,,
449,2021-03-23T16:00:00.000Z,783521,,,,,false,false,,,0.925,27.876666666666665,,,
450,2021-03-24T16:00:00.000Z,865222,,,,,false,false,,,0.215,28.394583333333333,,,
451,2021-03-25T16:00:00.000Z,1328174,,,,,false,false,,,0.305,28.2025,,,
452,2021-03-26T16:00:00.000Z,1209815,,,,,false,false,,,0.375,28.801041666666666,,,
453,2021-03-27T16:00:00.000Z,1898370,,,,,false,false,,,0.96,28.666666666666668,,,
454,2021-03-28T16:00:00.000Z,1089105,,,,,false,false,,,0.25,29.098333333333333,,,
455,2021-03-29T16:00:00.000Z,1328526,,,,,false,false,,,0.015,29.219583333333333,,,
456,2021-03-30T16:00:00.000Z,1462607,,,,,false,false,,,0.49,29.039583333333333,,,
457,2021-03-31T16:00:00.000Z,999832,,,,,false,false,,,0.05,29.258541666666666,,,
458,2021-04-01T16:00:00.000Z,1400912,,,,,false,false,,,0.0,28.302083333333332,,,
459,2021-04-02T16:00:00.000Z,1162161,,,,,false,false,,,0.0,28.47854166666667,,,
460,2021-04-03T16:00:00.000Z,1293028,,,,,false,false,,,0.03,28.514791666666667,,,
461,2021-04-04T16:00:00.000Z,1052789,,,,,false,false,,,0.105,28.936458333333334,,,
462,2021-04-05T16:00:00.000Z,629162,,,,,false,false,,,0.515,28.87125,,,
463,2021-04-06T16:00:00.000Z,722947,,,,,false,false,,,0.08,28.624166666666667,,,
464,2021-04-07T16:00:00.000Z,772727,,,,,false,false,,,0.73,28.357291666666665,,,
465,2021-04-08T16:00:00.000Z,813271,,,,,false,false,,,0.85,28.576041666666665,,,
466,2021-04-09T16:00:00.000Z,841208,,,,,false,false,,,0.045,28.65375,,,
467,2021-04-10T16:00:00.000Z,944279,,,,,false,false,,,0.0,28.68145833333333,,,
468,2021-04-11T16:00:00.000Z,687511,,,,,false,false,,,0.045,29.207916666666666,,,
469,2021-04-12T16:00:00.000Z,756421,,,,,false,false,,,3.005,29.122083333333332,,,
470,2021-04-13T16:00:00.000Z,797415,,,,,false,false,,,0.69,28.927291666666665,,,
471,2021-04-14T16:00:00.000Z,653194,,,,,false,false,,,6.69,28.92875,,,
472,2021-04-15T16:00:00.000Z,1019333,,,,,false,false,,,0.59,28.969375,,,
473,2021-04-16T16:00:00.000Z,747126,,,,,false,false,,,0.19,29.398125,,,
474,2021-04-17T16:00:00.000Z,939153,,,,,false,false,,,2.49,29.607291666666665,,,
475,2021-04-18T16:00:00.000Z,828128,,,,,false,false,,,0.81,29.36375,,,
476,2021-04-19T16:00:00.000Z,679913,,,,,false,false,,,0.395,28.937083333333334,,,
477,2021-04-20T16:00:00.000Z,688659,,,,,false,false,,,0.505,29.075833333333332,,,
478,2021-04-21T16:00:00.000Z,599600,,,,,false,false,,,1.46,29.048333333333332,,,
479,2021-04-22T16:00:00.000Z,856603,,,,,false,false,,,1.07,29.2275,,,
480,2021-04-23T16:00:00.000Z,865915,,,,,false,false,,,0.025,28.836041666666667,,,
481,2021-04-24T16:00:00.000Z,839265,,,,,false,false,,,0.065,28.868541666666665,,,
482,2021-04-25T16:00:00.000Z,701202,,,,,false,false,,,0.47,27.60125,,,
483,2021-04-26T16:00:00.000Z,637959,,,,,false,false,,,0.37,27.888541666666665,,,
484,2021-04-27T16:00:00.000Z,707698,,,,,false,false,,,0.9,27.994583333333335,,,
485,2021-04-28T16:00:00.000Z,737683,,,,,false,false,,,0.59,28.577291666666667,,,
486,2021-04-29T16:00:00.000Z,1054538,,,,,false,false,,,1.885,29.41375,,,
487,2021-04-30T16:00:00.000Z,779690,,,,,false,false,,,0.16,29.73125,,,
488,2021-05-01T16:00:00.000Z,1054572,,,,,false,false,,,0.025,29.72479166666667,,,
489,2021-05-02T16:00:00.000Z,722938,,,,,false,false,,,0.015,29.340208333333333,,,
490,2021-05-03T16:00:00.000Z,724868,,,,,false,false,,,0.485,29.615625,,,
491,2021-05-04T16:00:00.000Z,821960,,,,,false,false,,,0.11,30.233125,,,
492,2021-05-05T16:00:00.000Z,761912,,,,,false,false,,,0.0,30.009166666666665,,,
493,2021-05-06T16:00:00.000Z,861020,,,,,false,false,,,0.705,29.998958333333334,,,
494,2021-05-07T16:00:00.000Z,909162,,,,,false,false,,,0.96,29.733958333333334,,,
495,2021-05-08T16:00:00.000Z,808939,,,,,false,false,,,0.09,30.097291666666667,,,
496,2021-05-09T16:00:00.000Z,730019,,,,,false,false,,,1.855,29.926666666666666,,,
497,2021-05-10T16:00:00.000Z,569520,,,,,false,false,,,3.695,29.489166666666666,,,
498,2021-05-11T16:00:00.000Z,784642,,,,,false,false,,,0.315,30.003125,,,
499,2021-05-12T16:00:00.000Z,575159,,,,,false,false,,,0.015,30.426875,,,
500,2021-05-13T16:00:00.000Z,1108337,,,,,false,false,,,0.11,30.159583333333334,,,
501,2021-05-14T16:00:00.000Z,809176,,,,,false,false,,,0.135,30.336875,,,
502,2021-05-15T16:00:00.000Z,955925,,,,,false,false,,,0.22,30.425,,,
503,2021-05-16T16:00:00.000Z,665228,,,,,false,false,,,0.07,30.691458333333333,,,
504,2021-05-17T16:00:00.000Z,570527,,,,,false,false,,,0.54,29.799583333333334,,,
505,2021-05-18T16:00:00.000Z,772260,,,,,false,false,,,0.065,30.651458333333334,,,
506,2021-05-19T16:00:00.000Z,818221,,,,,false,false,,,2.775,30.032916666666665,,,
507,2021-05-20T16:00:00.000Z,897705,,,,,false,false,,,5.775,28.966666666666665,,,
508,2021-05-21T16:00:00.000Z,887959,,,,,false,false,,,6.435,28.555833333333332,,,
509,2021-05-22T16:00:00.000Z,1036823,,,,,false,false,,,5.08,28.820208333333333,,,
510,2021-05-23T16:00:00.000Z,566390,,,,,false,false,,,5.37,28.6525,,,
511,2021-05-24T16:00:00.000Z,765785,,,,,false,false,,,0.85,29.637083333333333,,,
512,2021-05-25T16:00:00.000Z,740019,,,,,false,false,,,2.37,29.880416666666665,,,
513,2021-05-26T16:00:00.000Z,697620,,,,,false,false,,,1.055,30.167708333333334,,,
514,2021-05-27T16:00:00.000Z,943280,,,,,false,false,,,2.975,30.14666666666667,,,
515,2021-05-28T16:00:00.000Z,881767,,,,,false,false,,,3.825,30.462083333333332,,,
516,2021-05-29T16:00:00.000Z,1016667,,,,,false,false,,,9.06,29.038125,,,
517,2021-05-30T16:00:00.000Z,678934,,,,,false,false,,,3.8,29.798958333333335,,,
518,2021-05-31T16:00:00.000Z,892347,,,,,false,false,,,4.92,29.944583333333334,,,
519,2021-06-01T16:00:00.000Z,775494,,,,,false,false,,,16.36,28.401875,,,
520,2021-06-02T16:00:00.000Z,926727,,,,,false,false,,,34.595,27.42791666666667,,,
521,2021-06-03T16:00:00.000Z,1113774,,,,,false,false,,,7.145,28.424583333333334,,,
522,2021-06-04T16:00:00.000Z,1251895,,,,,false,false,,,3.92,28.69708333333333,,,
523,2021-06-05T16:00:00.000Z,1304234,,,,,false,false,,,4.0,28.336875,,,
524,2021-06-06T16:00:00.000Z,970321,,,,,false,false,,,16.26,27.944166666666668,,,
525,2021-06-07T16:00:00.000Z,949759,,,,,false,false,,,14.44,27.028125,,,
526,2021-06-08T16:00:00.000Z,949701,,,,,false,false,,,14.6,26.678541666666668,,,
527,2021-06-09T16:00:00.000Z,828488,,,,,false,false,,,6.35,27.376875,,,
528,2021-06-10T16:00:00.000Z,1142664,,,,,false,false,,,10.37,27.208125,,,
529,2021-06-11T16:00:00.000Z,1075774,,,,,false,false,,,16.805,27.851458333333333,,,
530,2021-06-12T16:00:00.000Z,1007129,,,,,false,false,,,9.8,27.567083333333333,,,
531,2021-06-13T16:00:00.000Z,837839,,,,,false,false,,,3.805,27.832291666666666,,,
532,2021-06-14T16:00:00.000Z,864903,,,,,false,false,,,0.975,28.238333333333333,,,
533,2021-06-15T16:00:00.000Z,935494,,,,,false,false,,,0.08,28.805,,,
534,2021-06-16T16:00:00.000Z,883284,,,,,false,false,,,0.165,28.99625,,,
535,2021-06-17T16:00:00.000Z,1335749,,,,,false,false,,,0.67,28.864375,,,
536,2021-06-18T16:00:00.000Z,1310742,,,,,false,false,,,4.63,28.510208333333335,,,
537,2021-06-19T16:00:00.000Z,1240760,,,,,false,false,,,8.845,28.1075,,,
538,2021-06-20T16:00:00.000Z,978158,,,,,false,false,,,11.865,27.403958333333332,,,
539,2021-06-21T16:00:00.000Z,943441,,,,,false,false,,,12.965,27.417708333333334,,,
540,2021-06-22T16:00:00.000Z,857263,,,,,false,false,,,4.79,27.361875,,,
541,2021-06-23T16:00:00.000Z,822966,,,,,false,false,,,5.535,27.350208333333335,,,
542,2021-06-24T16:00:00.000Z,1164355,,,,,false,false,,,4.13,27.747708333333332,,,
543,2021-06-25T16:00:00.000Z,964129,,,,,false,false,,,2.295,28.036875,,,
544,2021-06-26T16:00:00.000Z,1297127,,,,,false,false,,,9.25,28.108333333333334,,,
545,2021-06-27T16:00:00.000Z,1073545,,,,,false,false,,,10.585,27.53875,,,
546,2021-06-28T16:00:00.000Z,837412,,,,,false,false,,,0.545,28.231458333333332,,,
547,2021-06-29T16:00:00.000Z,775158,,,,,false,false,,,0.87,28.863958333333333,,,
548,2021-06-30T16:00:00.000Z,827202,,,,,false,false,,,3.965,28.597291666666667,,,
549,2021-07-01T16:00:00.000Z,1295131,,,,,false,false,,,15.93,27.757916666666667,,,
550,2021-07-02T16:00:00.000Z,863760,,,,,false,false,,,36.275,26.742916666666666,,,
551,2021-07-03T16:00:00.000Z,1244494,,,,,false,false,,,17.465,27.391666666666666,,,
552,2021-07-04T16:00:00.000Z,882217,,,,,false,false,,,14.345,27.488541666666666,,,
553,2021-07-05T16:00:00.000Z,900359,,,,,false,false,,,10.72,27.148125,,,
554,2021-07-06T16:00:00.000Z,837287,,,,,false,false,,,2.585,27.813333333333333,,,
555,2021-07-07T16:00:00.000Z,1012814,,,,,false,false,,,1.985,28.370833333333334,,,
556,2021-07-08T16:00:00.000Z,1147877,,,,,false,false,,,4.18,28.378125,,,
557,2021-07-09T16:00:00.000Z,948165,,,,,false,false,,,2.74,28.085416666666667,,,
558,2021-07-10T16:00:00.000Z,1171664,,,,,false,false,,,1.42,28.443125,,,
559,2021-07-11T16:00:00.000Z,712222,,,,,false,false,,,4.52,28.514166666666668,,,
560,2021-07-12T16:00:00.000Z,709725,,,,,false,false,,,13.83,27.898541666666667,,,
561,2021-07-13T16:00:00.000Z,779753,,,,,false,false,,,19.11,27.4875,,,
562,2021-07-14T16:00:00.000Z,987653,,,,,false,false,,,7.735,27.59125,,,
563,2021-07-15T16:00:00.000Z,1001426,,,,,false,false,,,6.675,27.493125,,,
564,2021-07-16T16:00:00.000Z,975366,,,,,false,false,,,4.665,27.525,,,
565,2021-07-17T16:00:00.000Z,1136214,,,,,false,false,,,14.86,27.136875,,,
566,2021-07-18T16:00:00.000Z,840881,,,,,false,false,,,22.22,27.187708333333333,,,
567,2021-07-19T16:00:00.000Z,1031326,,,,,false,false,,,19.22,27.06375,,,
568,2021-07-20T16:00:00.000Z,753235,,,,,false,false,,,25.02,26.826458333333335,,,
569,2021-07-21T16:00:00.000Z,883577,,,,,false,false,,,25.58,26.9225,,,
570,2021-07-22T16:00:00.000Z,1121800,,,,,false,false,,,56.895,27.135208333333335,,,
571,2021-07-23T16:00:00.000Z,1075181,,,,,false,false,,,20.89,27.18,,,
572,2021-07-24T16:00:00.000Z,984290,,,,,false,false,,,14.49,27.50625,,,
573,2021-07-25T16:00:00.000Z,972531,,,,,false,false,,,5.87,28.139375,,,
574,2021-07-26T16:00:00.000Z,856038,,,,,false,false,,,17.825,27.969166666666666,,,
575,2021-07-27T16:00:00.000Z,1055369,,,,,false,false,,,19.42,27.15041666666667,,,
576,2021-07-28T16:00:00.000Z,774945,,,,,false,false,,,33.355,26.94,,,
577,2021-07-29T16:00:00.000Z,1047338,,,,,false,false,,,14.475,27.5075,,,
578,2021-07-30T16:00:00.000Z,1005644,,,,,false,false,,,11.035,27.799375,,,
579,2021-07-31T16:00:00.000Z,1051601,,,,,false,false,,,8.34,27.861875,,,
580,2021-08-01T16:00:00.000Z,734190,,,,,false,false,,,10.76,27.686041666666668,,,
581,2021-08-02T16:00:00.000Z,616120,,,,,false,false,,,10.96,27.679583333333333,,,
582,2021-08-03T16:00:00.000Z,679171,,,,,false,false,,,14.325,27.586666666666666,,,
583,2021-08-04T16:00:00.000Z,868507,,,,,false,false,,,13.57,27.716041666666666,,,
584,2021-08-05T16:00:00.000Z,1032160,,,,,false,false,,,9.44,27.90875,,,
585,2021-08-06T16:00:00.000Z,1000273,,,,,false,false,,,6.34,28.057708333333334,,,
586,2021-08-07T16:00:00.000Z,1111599,,,,,false,false,,,2.625,27.985416666666666,,,
587,2021-08-08T16:00:00.000Z,757616,,,,,false,false,,,8.73,27.610833333333332,,,
588,2021-08-09T16:00:00.000Z,702057,,,,,false,false,,,18.225,26.760625,,,
589,2021-08-10T16:00:00.000Z,843640,,,,,false,false,,,16.665,25.842916666666667,,,
590,2021-08-11T16:00:00.000Z,740111,,,,,false,false,,,0.5,27.173541666666665,,,
591,2021-08-12T16:00:00.000Z,1004222,,,,,false,false,,,5.275,27.62375,,,
592,2021-08-13T16:00:00.000Z,944313,,,,,false,false,,,8.07,27.151458333333334,,,
593,2021-08-14T16:00:00.000Z,1112387,,,,,false,false,,,6.97,26.475,,,
594,2021-08-15T16:00:00.000Z,756546,,,,,false,false,,,0.775,27.799166666666668,,,
595,2021-08-16T16:00:00.000Z,769231,,,,,false,false,,,5.015,28.093125,,,
596,2021-08-17T16:00:00.000Z,870291,,,,,false,false,,,16.97,27.493333333333332,,,
597,2021-08-18T16:00:00.000Z,691164,,,,,false,false,,,5.22,27.131666666666668,,,
598,2021-08-19T16:00:00.000Z,1078134,,,,,false,false,,,8.51,27.157083333333333,,,
599,2021-08-20T16:00:00.000Z,970582,,,,,false,false,,,11.77,27.015833333333333,,,
600,2021-08-21T16:00:00.000Z,997408,,,,,false,false,,,7.545,27.242291666666667,,,
601,2021-08-22T16:00:00.000Z,772511,,,,,false,false,,,7.61,27.293958333333332,,,
602,2021-08-23T16:00:00.000Z,731917,,,,,false,false,,,7.45,26.792083333333334,,,
603,2021-08-24T16:00:00.000Z,786483,,,,,false,false,,,24.33,26.913958333333333,,,
604,2021-08-25T16:00:00.000Z,767460,,,,,false,false,,,3.68,27.002708333333334,,,
605,2021-08-26T16:00:00.000Z,1055518,,,,,false,false,,,7.145,27.167083333333334,,,
606,2021-08-27T16:00:00.000Z,1032206,,,,,false,false,,,23.37,27.442916666666665,,,
607,2021-08-28T16:00:00.000Z,864746,,,,,false,false,,,34.745,26.828333333333333,,,
608,2021-08-29T16:00:00.000Z,796400,,,,,false,false,,,14.68,26.945208333333333,,,
609,2021-08-30T16:00:00.000Z,755072,,,,,false,false,,,4.87,26.956458333333334,,,
610,2021-08-31T16:00:00.000Z,1024995,,,,,false,false,,,12.1,26.817916666666665,,,
611,2021-09-01T16:00:00.000Z,1145279,,,,,false,false,,,9.48,26.889375,,,
612,2021-09-02T16:00:00.000Z,1589527,,,,,false,false,,,4.595,26.915416666666665,,,
613,2021-09-03T16:00:00.000Z,1277453,,,,,false,false,,,8.125,27.14666666666667,,,
614,2021-09-04T16:00:00.000Z,1196913,,,,,false,false,,,6.34,27.055,,,
615,2021-09-05T16:00:00.000Z,977100,,,,,false,false,,,16.77,27.024166666666666,,,
616,2021-09-06T16:00:00.000Z,956325,,,,,false,false,,,7.545,27.0675,,,
617,2021-09-07T16:00:00.000Z,952481,,,,,false,false,,,130.42,25.1825,,,
618,2021-09-08T16:00:00.000Z,999156,,,,,false,false,,,13.52,26.8125,,,
619,2021-09-09T16:00:00.000Z,1344910,,,,,false,false,,,15.62,27.082916666666666,,,
620,2021-09-10T16:00:00.000Z,988012,,,,,false,false,,,42.05,26.374166666666667,,,
621,2021-09-11T16:00:00.000Z,1371942,,,,,false,false,,,16.765,26.821875,,,
622,2021-09-12T16:00:00.000Z,1028933,,,,,false,false,,,1.7,27.597708333333333,,,
623,2021-09-13T16:00:00.000Z,1057088,,,,,false,false,,,8.715,27.779166666666665,,,
624,2021-09-14T16:00:00.000Z,1169127,,,,,false,false,,,8.825,27.493125,,,
625,2021-09-15T16:00:00.000Z,1023754,,,,,false,false,,,17.96,27.049583333333334,,,
626,2021-09-16T16:00:00.000Z,1243232,,,,,false,false,,,11.345,27.34875,,,
627,2021-09-17T16:00:00.000Z,1183131,,,,,false,false,,,2.205,27.806041666666665,,,
628,2021-09-18T16:00:00.000Z,1119235,,,,,false,false,,,10.715,26.666666666666668,,,
629,2021-09-19T16:00:00.000Z,998191,,,,,false,false,,,15.6,26.6875,,,
630,2021-09-20T16:00:00.000Z,921055,,,,,false,false,,,7.965,27.246875,,,
631,2021-09-21T16:00:00.000Z,932974,,,,,false,false,,,4.205,27.744583333333335,,,
632,2021-09-22T16:00:00.000Z,899306,,,,,false,false,,,9.04,27.618333333333332,,,
633,2021-09-23T16:00:00.000Z,1164511,,,,,false,false,,,2.26,27.734583333333333,,,
634,2021-09-24T16:00:00.000Z,1399399,,,,,false,false,,,5.99,27.645,,,
635,2021-09-25T16:00:00.000Z,1073277,,,,,false,false,,,2.405,28.091458333333332,,,
636,2021-09-26T16:00:00.000Z,997413,,,,,false,false,,,16.885,27.242916666666666,,,
637,2021-09-27T16:00:00.000Z,972811,,,,,false,false,,,6.245,27.03125,,,
638,2021-09-28T16:00:00.000Z,1065215,,,,,false,false,,,5.035,27.488333333333333,,,
639,2021-09-29T16:00:00.000Z,939050,,,,,false,false,,,6.36,27.441666666666666,,,
640,2021-09-30T16:00:00.000Z,1383429,,,,,false,false,,,1.505,27.847916666666666,,,
641,2021-10-01T16:00:00.000Z,1070333,,,,,false,false,,,16.5,27.305625,,,
642,2021-10-02T16:00:00.000Z,1435811,,,,,false,false,,,8.945,27.360833333333332,,,
643,2021-10-03T16:00:00.000Z,911542,,,,,false,false,,,2.41,27.442916666666665,,,
644,2021-10-04T16:00:00.000Z,1183744,,,,,false,false,,,14.225,26.937916666666666,,,
645,2021-10-05T16:00:00.000Z,893094,,,,,false,false,,,7.54,26.627083333333335,,,
646,2021-10-06T16:00:00.000Z,1152546,,,,,false,false,,,6.31,27.419375,,,
647,2021-10-07T16:00:00.000Z,1576114,,,,,false,false,,,2.955,27.17125,,,
648,2021-10-08T16:00:00.000Z,1146329,,,,,false,false,,,10.17,27.273333333333333,,,
649,2021-10-09T16:00:00.000Z,1108295,,,,,false,false,,,2.665,27.54875,,,
650,2021-10-10T16:00:00.000Z,1170039,,,,,false,false,,,10.9,27.819375,,,
651,2021-10-11T16:00:00.000Z,1063927,,,,,false,false,,,16.655,26.922291666666666,,,
652,2021-10-12T16:00:00.000Z,1056825,,,,,false,false,,,17.38,26.527083333333334,,,
653,2021-10-13T16:00:00.000Z,1184181,,,,,false,false,,,12.445,26.260208333333335,,,
654,2021-10-14T16:00:00.000Z,1164884,,,,,false,false,,,33.715,25.674583333333334,,,
655,2021-10-15T16:00:00.000Z,1357202,,,,,false,false,,,3.75,26.683125,,,
656,2021-10-16T16:00:00.000Z,1542376,,,,,false,false,,,4.695,27.385,,,
657,2021-10-17T16:00:00.000Z,852018,,,,,false,false,,,0.65,27.381666666666668,,,
658,2021-10-18T16:00:00.000Z,996051,,,,,false,false,,,0.19,27.828125,,,
659,2021-10-19T16:00:00.000Z,824361,,,,,false,false,,,9.81,27.159375,,,
660,2021-10-20T16:00:00.000Z,1062971,,,,,false,false,,,28.115,26.709791666666668,,,
661,2021-10-21T16:00:00.000Z,1487710,,,,,false,false,,,0.775,27.558333333333334,,,
662,2021-10-22T16:00:00.000Z,1077458,,,,,false,false,,,2.5,27.552083333333332,,,
663,2021-10-23T16:00:00.000Z,1145263,,,,,false,false,,,8.655,26.371041666666667,,,
664,2021-10-24T16:00:00.000Z,963295,,,,,false,false,,,13.59,26.24395833333333,,,
665,2021-10-25T16:00:00.000Z,889723,,,,,false,false,,,2.085,27.029791666666668,,,
666,2021-10-26T16:00:00.000Z,957794,,,,,false,false,,,0.15,27.722083333333334,,,
667,2021-10-27T16:00:00.000Z,755062,,,,,false,false,,,0.725,27.3575,,,
668,2021-10-28T16:00:00.000Z,1888837,,,,,false,false,,,0.0,27.487083333333334,,,
669,2021-10-29T16:00:00.000Z,1643616,,,,,false,false,,,0.2,27.294375,,,
670,2021-10-30T16:00:00.000Z,1564103,,,,,false,false,,,0.0,27.35625,,,
671,2021-10-31T16:00:00.000Z,1217864,,,,,false,false,,,0.23,27.606666666666666,,,
672,2021-11-01T16:00:00.000Z,1598687,,,,,false,false,,,0.03,27.639375,,,
673,2021-11-02T16:00:00.000Z,1082200,,,,,false,false,,,0.0,27.79875,,,
674,2021-11-03T16:00:00.000Z,942069,,,,,false,false,,,0.0,28.173541666666665,,,
675,2021-11-04T16:00:00.000Z,1340226,,,,,false,false,,,1.39,27.804791666666667,,,
676,2021-11-05T16:00:00.000Z,1300309,,,,,false,false,,,0.48,28.045,,,
677,2021-11-06T16:00:00.000Z,1461062,,,,,false,false,,,0.425,28.046041666666667,,,
678,2021-11-07T16:00:00.000Z,1017068,,,,,false,false,,,2.67,27.971666666666668,,,
679,2021-11-08T16:00:00.000Z,1050157,,,,,false,false,,,0.045,28.074375,,,
680,2021-11-09T16:00:00.000Z,1096218,,,,,false,false,,,0.005,27.720625,,,
681,2021-11-10T16:00:00.000Z,1094893,,,,,false,false,,,0.125,27.969791666666666,,,
682,2021-11-11T16:00:00.000Z,1194462,,,,,false,false,,,1.805,27.63104166666667,,,
683,2021-11-12T16:00:00.000Z,1100575,,,,,false,false,,,1.13,27.734166666666667,,,
684,2021-11-13T16:00:00.000Z,1264646,,,,,false,false,,,5.14,27.369583333333335,,,
685,2021-11-14T16:00:00.000Z,1034198,,,,,false,false,,,3.7,27.71875,,,
686,2021-11-15T16:00:00.000Z,1075652,,,,,false,false,,,0.225,27.964166666666667,,,
687,2021-11-16T16:00:00.000Z,993680,,,,,false,false,,,0.115,28.090625,,,
688,2021-11-17T16:00:00.000Z,866322,,,,,false,false,,,1.1,27.84958333333333,,,
689,2021-11-18T16:00:00.000Z,1385321,,,,,false,false,,,0.935,27.938541666666666,,,
690,2021-11-19T16:00:00.000Z,1425237,,,,,false,false,,,11.885,27.934166666666666,,,
691,2021-11-20T16:00:00.000Z,1416273,,,,,false,false,,,25.875,27.011666666666667,,,
692,2021-11-21T16:00:00.000Z,1076698,,,,,false,false,,,8.805,27.205208333333335,,,
693,2021-11-22T16:00:00.000Z,879403,,,,,false,false,,,3.11,27.392708333333335,,,
694,2021-11-23T16:00:00.000Z,938848,,,,,false,false,,,0.275,27.515208333333334,,,
695,2021-11-24T16:00:00.000Z,1205356,,,,,false,false,,,2.675,27.208541666666665,,,
696,2021-11-25T16:00:00.000Z,1555973,,,,,false,false,,,1.17,26.829166666666666,,,
697,2021-11-26T16:00:00.000Z,1165326,,,,,false,false,,,1.005,26.884166666666665,,,
698,2021-11-27T16:00:00.000Z,1470811,,,,,false,false,,,4.09,26.588541666666668,,,
699,2021-11-28T16:00:00.000Z,837034,,,,,false,false,,,10.605,27.096666666666668,,,
700,2021-11-29T16:00:00.000Z,1056767,,,,,false,false,,,1.075,27.407083333333333,,,
701,2021-11-30T16:00:00.000Z,954466,,,,,false,false,,,2.385,27.404583333333335,,,
702,2021-12-01T16:00:00.000Z,829364,,,,,false,false,,,0.0,26.595208333333332,,,
703,2021-12-02T16:00:00.000Z,1384652,,,,,false,false,,,0.0,25.68166666666667,,,
704,2021-12-03T16:00:00.000Z,1314460,,,,,false,false,,,0.08,25.2325,,,
705,2021-12-04T16:00:00.000Z,1473070,,,,,false,false,,,0.255,25.268125,,,
706,2021-12-05T16:00:00.000Z,841699,,,,,false,false,,,0.325,25.199791666666666,,,
707,2021-12-06T16:00:00.000Z,855992,,,,,false,false,,,0.33,25.546875,,,
708,2021-12-07T16:00:00.000Z,917497,,,,,false,false,,,0.0,25.884166666666665,,,
709,2021-12-08T16:00:00.000Z,1113299,,,,,false,false,,,0.0,25.84979166666667,,,
710,2021-12-09T16:00:00.000Z,1109301,,,,,false,false,,,0.0,25.875833333333333,,,
711,2021-12-10T16:00:00.000Z,955390,,,,,false,false,,,0.26,26.420416666666668,,,
712,2021-12-11T16:00:00.000Z,1341103,,,,,false,false,,,0.1,26.779583333333335,,,
713,2021-12-12T16:00:00.000Z,1095298,,,,,false,false,,,0.33,26.827708333333334,,,
714,2021-12-13T16:00:00.000Z,907867,,,,,false,false,,,0.0,26.182916666666667,,,
715,2021-12-14T16:00:00.000Z,1374477,,,,,false,false,,,0.0,26.12625,,,
716,2021-12-15T16:00:00.000Z,1392306,,,,,false,false,,,0.0,27.082083333333333,,,
717,2021-12-16T16:00:00.000Z,1817287,,,,,false,false,,,6.58,27.281458333333333,,,
718,2021-12-17T16:00:00.000Z,1548866,,,,,false,false,,,14.7,26.825208333333332,,,
719,2021-12-18T16:00:00.000Z,2176994,,,,,false,false,,,35.335,24.933958333333333,,,
720,2021-12-19T16:00:00.000Z,1263659,,,,,false,false,,,6.145,26.27375,,,
721,2021-12-20T16:00:00.000Z,1500953,,,,,false,false,,,1.47,26.535,,,
722,2021-12-21T16:00:00.000Z,1452087,,,,,false,false,,,11.77,25.91,,,
723,2021-12-22T16:00:00.000Z,1242567,,,,,false,false,,,1.07,26.119375,,,
724,2021-12-23T16:00:00.000Z,1838769,,,,,false,false,,,0.695,26.36520833333333,,,
725,2021-12-24T16:00:00.000Z,1506431,,,,,false,false,,,1.835,26.338541666666668,,,
726,2021-12-25T16:00:00.000Z,1867245,,,,,false,false,,,4.61,26.01,,,
727,2021-12-26T16:00:00.000Z,1579190,,,,,false,false,,,10.23,24.756666666666668,,,
728,2021-12-27T16:00:00.000Z,1328512,,,,,false,false,,,0.085,25.034583333333334,,,
729,2021-12-28T16:00:00.000Z,1756046,,,,,false,false,,,0.35,25.405416666666667,,,
730,2021-12-29T16:00:00.000Z,1397217,,,,,false,false,,,0.0,25.289375,,,
731,2021-12-30T16:00:00.000Z,1744587,,,,,false,false,,,0.0,24.907708333333332,,,
732,2021-12-31T16:00:00.000Z,1769931,,,,,false,false,,,0.005,24.961041666666667,,,
733,2022-01-01T16:00:00.000Z,2510934,,,,,false,false,,,0.0,24.67770833333333,,,
734,2022-01-02T16:00:00.000Z,1425889,,,,,false,false,,,0.005,25.202916666666667,,,
735,2022-01-03T16:00:00.000Z,1745264,,,,,false,false,,,0.005,25.168541666666666,,,
736,2022-01-04T16:00:00.000Z,1867398,,,,,false,false,,,0.035,25.525,,,
737,2022-01-05T16:00:00.000Z,925068,,,,,false,false,,,0.32,25.399375,,,
738,2022-01-06T16:00:00.000Z,1025313,,,,,false,false,,,0.0,25.388125,,,
739,2022-01-07T16:00:00.000Z,1292800,,,,,false,false,,,1.86,25.257291666666667,,,
740,2022-01-08T16:00:00.000Z,1177144,,,,,false,false,,,0.71,25.634375,,,
741,2022-01-09T16:00:00.000Z,960294,,,,,false,false,,,0.58,25.844375,,,
742,2022-01-10T16:00:00.000Z,1061315,,,,,false,false,,,0.0,25.873333333333335,,,
743,2022-01-11T16:00:00.000Z,1026307,,,,,false,false,,,0.025,25.34,,,
744,2022-01-12T16:00:00.000Z,905015,,,,,false,false,,,0.25,25.092916666666667,,,
745,2022-01-13T16:00:00.000Z,1581367,,,,,false,false,,,0.025,24.679791666666667,,,
746,2022-01-14T16:00:00.000Z,1215711,,,,,false,false,,,0.08,24.449583333333333,,,
747,2022-01-15T16:00:00.000Z,1217540,,,,,false,false,,,0.015,24.616041666666668,,,
748,2022-01-16T16:00:00.000Z,873823,,,,,false,false,,,0.0,24.605625,,,
749,2022-01-17T16:00:00.000Z,969524,,,,,false,false,,,0.0,24.414583333333333,,,
750,2022-01-18T16:00:00.000Z,982284,,,,,false,false,,,0.075,25.582291666666666,,,
751,2022-01-19T16:00:00.000Z,883217,,,,,false,false,,,2.095,25.684583333333332,,,
752,2022-01-20T16:00:00.000Z,1362707,,,,,false,false,,,4.875,25.7075,,,
753,2022-01-21T16:00:00.000Z,1326379,,,,,false,false,,,1.435,25.999791666666667,,,
754,2022-01-22T16:00:00.000Z,1214675,,,,,false,false,,,3.205,26.446666666666665,,,
755,2022-01-23T16:00:00.000Z,1115244,,,,,false,false,,,0.515,26.6225,,,
756,2022-01-24T16:00:00.000Z,970591,,,,,false,false,,,0.095,26.74125,,,
757,2022-01-25T16:00:00.000Z,903573,,,,,false,false,,,2.975,26.1675,,,
758,2022-01-26T16:00:00.000Z,1281131,,,,,false,false,,,7.585,26.654791666666668,,,
759,2022-01-27T16:00:00.000Z,1161267,,,,,false,false,,,4.245,26.915625,,,
760,2022-01-28T16:00:00.000Z,1090682,,,,,false,false,,,0.225,27.240833333333335,,,
761,2022-01-29T16:00:00.000Z,1422278,,,,,false,false,,,3.76,26.728958333333335,,,
762,2022-01-30T16:00:00.000Z,1015527,,,,,false,false,,,0.07,26.370625,,,
763,2022-01-31T16:00:00.000Z,1099551,,,,,false,false,,,0.18,26.404791666666668,,,
764,2022-02-01T16:00:00.000Z,1135609,,,,,false,false,,,0.04,25.976041666666667,,,
765,2022-02-02T16:00:00.000Z,1053155,,,,,false,false,,,0.535,26.22,,,
766,2022-02-03T16:00:00.000Z,1348615,,,,,false,false,,,0.005,26.376666666666665,,,
767,2022-02-04T16:00:00.000Z,1125792,,,,,false,false,,,0.0,26.22625,,,
768,2022-02-05T16:00:00.000Z,1117220,,,,,false,false,,,0.005,26.28729166666667,,,
769,2022-02-06T16:00:00.000Z,1149119,,,,,false,false,,,6.165,25.982916666666668,,,
770,2022-02-07T16:00:00.000Z,991233,,,,,false,false,,,2.35,26.616041666666668,,,
771,2022-02-08T16:00:00.000Z,780114,,,,,false,false,,,0.045,26.826666666666668,,,
772,2022-02-09T16:00:00.000Z,1042336,,,,,false,false,,,0.005,26.410208333333333,,,
773,2022-02-10T16:00:00.000Z,1487692,,,,,false,false,,,0.045,26.55666666666667,,,
774,2022-02-11T16:00:00.000Z,1107796,,,,,false,false,,,0.02,27.197916666666668,,,
775,2022-02-12T16:00:00.000Z,1317185,,,,,false,false,,,2.03,26.65625,,,
776,2022-02-13T16:00:00.000Z,934150,,,,,false,false,,,6.345,26.202916666666667,,,
777,2022-02-14T16:00:00.000Z,862062,,,,,false,false,,,0.75,26.530833333333334,,,
778,2022-02-15T16:00:00.000Z,959037,,,,,false,false,,,0.92,26.916875,,,
779,2022-02-16T16:00:00.000Z,1024917,,,,,false,false,,,0.615,26.786666666666665,,,
780,2022-02-17T16:00:00.000Z,1626612,,,,,false,false,,,0.56,27.255625,,,
781,2022-02-18T16:00:00.000Z,1278870,,,,,false,false,,,0.855,27.565625,,,
782,2022-02-19T16:00:00.000Z,1663307,,,,,false,false,,,0.165,27.75625,,,
783,2022-02-20T16:00:00.000Z,951943,,,,,false,false,,,0.24,27.283125,,,
784,2022-02-21T16:00:00.000Z,1095662,,,,,false,false,,,5.325,26.237708333333334,,,
785,2022-02-22T16:00:00.000Z,1066324,,,,,false,false,,,0.025,26.927291666666665,,,
786,2022-02-23T16:00:00.000Z,910981,,,,,false,false,,,0.02,27.233958333333334,,,
787,2022-02-24T16:00:00.000Z,1633250,,,,,false,false,,,0.545,26.85354166666667,,,
788,2022-02-25T16:00:00.000Z,1011024,,,,,false,false,,,0.485,26.781458333333333,,,
789,2022-02-26T16:00:00.000Z,1195517,,,,,false,false,,,0.2,26.7625,,,
790,2022-02-27T16:00:00.000Z,987564,,,,,false,false,,,0.025,27.320416666666667,,,
791,2022-02-28T16:00:00.000Z,1362090,,,,,false,false,,,0.0,27.467083333333335,,,
792,2022-03-01T16:00:00.000Z,1251061,,,,,false,false,,,0.045,26.976666666666667,,,
793,2022-03-02T16:00:00.000Z,1299034,,,,,false,false,,,0.18,27.885416666666668,,,
794,2022-03-03T16:00:00.000Z,1935338,,,,,false,false,,,0.065,27.839166666666667,,,
795,2022-03-04T16:00:00.000Z,1686332,,,,,false,false,,,0.015,28.182291666666668,,,
796,2022-03-05T16:00:00.000Z,1832427,,,,,false,false,,,0.0,28.051875,,,
797,2022-03-06T16:00:00.000Z,1022562,,,,,false,false,,,0.01,28.045,,,
798,2022-03-07T16:00:00.000Z,1264392,,,,,false,false,,,0.06,27.696041666666666,,,
799,2022-03-08T16:00:00.000Z,1019665,,,,,false,false,,,0.0,27.132291666666667,,,
800,2022-03-09T16:00:00.000Z,1227206,,,,,false,false,,,0.0,27.175625,,,
801,2022-03-10T16:00:00.000Z,1356150,,,,,false,false,,,4.33,27.457291666666666,,,
802,2022-03-11T16:00:00.000Z,1618396,,,,,false,false,,,6.24,27.311875,,,
803,2022-03-12T16:00:00.000Z,1458589,,,,,false,false,,,2.96,27.731875,,,
804,2022-03-13T16:00:00.000Z,1246892,,,,,false,false,,,9.205,27.483541666666667,,,
805,2022-03-14T16:00:00.000Z,1325188,,,,,false,false,,,3.755,27.027708333333333,,,
806,2022-03-15T16:00:00.000Z,1283345,,,,,false,false,,,5.025,27.49020833333333,,,
807,2022-03-16T16:00:00.000Z,1135080,,,,,false,false,,,5.68,27.783125,,,
808,2022-03-17T16:00:00.000Z,1476271,,,,,false,false,,,6.705,27.686041666666668,,,
809,2022-03-18T16:00:00.000Z,1290363,,,,,false,false,,,2.7,27.874791666666667,,,
810,2022-03-19T16:00:00.000Z,1509623,,,,,false,false,,,1.975,28.593333333333334,,,
811,2022-03-20T16:00:00.000Z,1155520,,,,,false,false,,,0.135,28.8825,,,
812,2022-03-21T16:00:00.000Z,1307247,,,,,false,false,,,0.6,29.11375,,,
813,2022-03-22T16:00:00.000Z,1224179,,,,,false,false,,,1.92,29.127291666666668,,,
814,2022-03-23T16:00:00.000Z,1160021,,,,,false,false,,,0.11,28.844583333333333,,,
815,2022-03-24T16:00:00.000Z,1635125,,,,,false,false,,,0.14,29.18875,,,
816,2022-03-25T16:00:00.000Z,1558898,,,,,false,false,,,0.335,29.5025,,,
817,2022-03-26T16:00:00.000Z,1773692,,,,,false,false,,,0.215,29.717083333333335,,,
818,2022-03-27T16:00:00.000Z,1008767,,,,,false,false,,,0.235,29.404791666666668,,,
819,2022-03-28T16:00:00.000Z,1253706,,,,,false,false,,,0.56,28.813541666666666,,,
820,2022-03-29T16:00:00.000Z,1296374,,,,,false,false,,,0.65,29.116666666666667,,,
821,2022-03-30T16:00:00.000Z,1208961,,,,,false,false,,,0.225,29.332291666666666,,,
822,2022-03-31T16:00:00.000Z,1730542,,,,,false,false,,,2.135,28.93145833333333,,,
823,2022-04-01T16:00:00.000Z,1633387,,,,,false,false,,,0.235,28.610416666666666,,,
824,2022-04-02T16:00:00.000Z,1846326,,,,,false,false,,,0.03,28.671041666666667,,,
825,2022-04-03T16:00:00.000Z,1281026,,,,,false,false,,,1.015,28.407708333333332,,,
826,2022-04-04T16:00:00.000Z,1262661,,,,,false,false,,,4.545,27.310833333333335,,,
827,2022-04-05T16:00:00.000Z,1294174,,,,,false,false,,,2.395,28.1325,,,
828,2022-04-06T16:00:00.000Z,1341546,,,,,false,false,,,0.22,28.269166666666667,,,
829,2022-04-07T16:00:00.000Z,1787203,,,,,false,false,,,8.205,27.645625,,,
830,2022-04-08T16:00:00.000Z,1693738,,,,,false,false,,,0.57,28.69,,,
831,2022-04-09T16:00:00.000Z,2300747,,,,,false,false,,,9.98,27.442083333333333,,,
832,2022-04-10T16:00:00.000Z,2104995,,,,,false,false,,,0.595,28.279583333333335,,,
833,2022-04-11T16:00:00.000Z,1696590,,,,,false,false,,,2.305,27.39125,,,
834,2022-04-12T16:00:00.000Z,2142928,,,,,false,false,,,4.135,27.415208333333332,,,
835,2022-04-13T16:00:00.000Z,2373537,,,,,false,false,,,1.58,28.489166666666666,,,
836,2022-04-14T16:00:00.000Z,2663295,,,,,false,false,,,2.83,28.281875,,,
837,2022-04-15T16:00:00.000Z,2122705,,,,,false,false,,,3.385,27.057083333333335,,,
838,2022-04-16T16:00:00.000Z,2280004,,,,,false,false,,,2.665,26.936458333333334,,,
839,2022-04-17T16:00:00.000Z,1687175,,,,,false,false,,,0.395,28.062916666666666,,,
840,2022-04-18T16:00:00.000Z,1323337,,,,,false,false,,,0.32,27.97625,,,
841,2022-04-19T16:00:00.000Z,1492712,,,,,false,false,,,2.345,28.25375,,,
842,2022-04-20T16:00:00.000Z,1489122,,,,,false,false,,,1.985,28.43166666666667,,,
843,2022-04-21T16:00:00.000Z,1820595,,,,,false,false,,,2.2,28.678541666666668,,,
844,2022-04-22T16:00:00.000Z,1629244,,,,,false,false,,,0.02,29.363958333333333,,,
845,2022-04-23T16:00:00.000Z,1740020,,,,,false,false,,,0.695,29.348958333333332,,,
846,2022-04-24T16:00:00.000Z,1427297,,,,,false,false,,,0.405,28.50875,,,
847,2022-04-25T16:00:00.000Z,1338223,,,,,false,false,,,3.35,29.002083333333335,,,
848,2022-04-26T16:00:00.000Z,1374635,,,,,false,false,,,1.275,29.256875,,,
849,2022-04-27T16:00:00.000Z,1381528,,,,,false,false,,,2.455,29.486458333333335,,,
850,2022-04-28T16:00:00.000Z,2004638,,,,,false,false,,,5.375,28.841666666666665,,,
851,2022-04-29T16:00:00.000Z,1718950,,,,,false,false,,,0.785,29.079791666666665,,,
852,2022-04-30T16:00:00.000Z,1790931,,,,,false,false,,,0.16,29.657291666666666,,,
853,2022-05-01T16:00:00.000Z,1406634,,,,,false,false,,,0.66,29.408958333333334,,,
854,2022-05-02T16:00:00.000Z,1280325,,,,,false,false,,,13.63,29.253125,,,
855,2022-05-03T16:00:00.000Z,1356383,,,,,false,false,,,3.05,29.606875,,,
856,2022-05-04T16:00:00.000Z,1225267,,,,,false,false,,,2.43,29.617916666666666,,,
857,2022-05-05T16:00:00.000Z,1881090,,,,,false,false,,,0.405,30.211666666666666,,,
858,2022-05-06T16:00:00.000Z,1541946,,,,,false,false,,,0.46,30.29,,,
859,2022-05-07T16:00:00.000Z,1668724,,,,,false,false,,,0.12,30.30375,,,
860,2022-05-08T16:00:00.000Z,1482655,,,,,false,false,,,0.085,30.207291666666666,,,
861,2022-05-09T16:00:00.000Z,1357966,,,,,false,false,,,0.175,30.260208333333335,,,
862,2022-05-10T16:00:00.000Z,1398721,,,,,false,false,,,0.345,30.446041666666666,,,
863,2022-05-11T16:00:00.000Z,1338434,,,,,false,false,,,2.865,30.081666666666667,,,
864,2022-05-12T16:00:00.000Z,1758290,,,,,false,false,,,6.81,29.641666666666666,,,
865,2022-05-13T16:00:00.000Z,1701390,,,,,false,false,,,3.15,28.945625,,,
866,2022-05-14T16:00:00.000Z,1807429,,,,,false,false,,,24.41,28.053125,,,
867,2022-05-15T16:00:00.000Z,1452292,,,,,false,false,,,18.875,27.469791666666666,,,
868,2022-05-16T16:00:00.000Z,1455705,,,,,false,false,,,23.71,26.971041666666668,,,
869,2022-05-17T16:00:00.000Z,1376701,,,,,false,false,,,19.275,27.009375,,,
870,2022-05-18T16:00:00.000Z,1416532,,,,,false,false,,,19.205,26.799166666666668,,,
871,2022-05-19T16:00:00.000Z,1648436,,,,,false,false,,,15.025,26.32,,,
872,2022-05-20T16:00:00.000Z,1755072,,,,,false,false,,,4.83,27.111458333333335,,,
873,2022-05-21T16:00:00.000Z,1777935,,,,,false,false,,,15.39,26.997708333333332,,,
874,2022-05-22T16:00:00.000Z,1370200,,,,,false,false,,,10.64,27.678125,,,
875,2022-05-23T16:00:00.000Z,1428841,,,,,false,false,,,1.01,28.886041666666667,,,
876,2022-05-24T16:00:00.000Z,1437545,,,,,false,false,,,5.82,28.524166666666666,,,
877,2022-05-25T16:00:00.000Z,1445832,,,,,false,false,,,6.205,28.44333333333333,,,
878,2022-05-26T16:00:00.000Z,1833970,,,,,false,false,,,6.57,28.410416666666666,,,
879,2022-05-27T16:00:00.000Z,1657826,,,,,false,false,,,20.74,26.966666666666665,,,
880,2022-05-28T16:00:00.000Z,1797093,,,,,false,false,,,2.065,28.298958333333335,,,
881,2022-05-29T16:00:00.000Z,1478186,,,,,false,false,,,3.505,28.275,,,
882,2022-05-30T16:00:00.000Z,1427553,,,,,false,false,,,7.6,27.599375,,,
883,2022-05-31T16:00:00.000Z,1227303,,,,,false,false,,,10.38,27.21125,,,
884,2022-06-01T16:00:00.000Z,1285076,,,,,false,false,,,5.4,27.867291666666667,,,
885,2022-06-02T16:00:00.000Z,1665128,,,,,false,false,,,1.95,28.322708333333335,,,
886,2022-06-03T16:00:00.000Z,1392808,,,,,false,false,,,2.405,28.302291666666665,,,
887,2022-06-04T16:00:00.000Z,1628241,,,,,false,false,,,1.95,28.772083333333335,,,
888,2022-06-05T16:00:00.000Z,1122496,,,,,false,false,,,3.02,28.746875,,,
889,2022-06-06T16:00:00.000Z,1148765,,,,,false,false,,,4.285,28.580625,,,
890,2022-06-07T16:00:00.000Z,1324116,,,,,false,false,,,6.845,27.707916666666666,,,
891,2022-06-08T16:00:00.000Z,1174080,,,,,false,false,,,6.135,28.485416666666666,,,
892,2022-06-09T16:00:00.000Z,1631747,,,,,false,false,,,3.81,28.784791666666667,,,
893,2022-06-10T16:00:00.000Z,1566728,,,,,false,false,,,3.845,29.139583333333334,,,
894,2022-06-11T16:00:00.000Z,1664231,,,,,false,false,,,17.135,27.92770833333333,,,
895,2022-06-12T16:00:00.000Z,1414827,,,,,false,false,,,7.655,28.395,,,
896,2022-06-13T16:00:00.000Z,1280365,,,,,false,false,,,10.79,28.27520833333333,,,
897,2022-06-14T16:00:00.000Z,1505147,,,,,false,false,,,9.89,27.976458333333333,,,
898,2022-06-15T16:00:00.000Z,1124096,,,,,false,false,,,5.695,28.261458333333334,,,
899,2022-06-16T16:00:00.000Z,1447719,,,,,false,false,,,3.56,29.11625,,,
900,2022-06-17T16:00:00.000Z,1308675,,,,,false,false,,,18.775,28.222916666666666,,,
901,2022-06-18T16:00:00.000Z,1719223,,,,,false,false,,,5.425,27.937916666666666,,,
902,2022-06-19T16:00:00.000Z,1092860,,,,,false,false,,,19.84,27.745,,,
903,2022-06-20T16:00:00.000Z,1368235,,,,,false,false,,,14.51,27.671458333333334,,,
904,2022-06-21T16:00:00.000Z,1114135,,,,,false,false,,,15.755,27.3,,,
905,2022-06-22T16:00:00.000Z,1102929,,,,,false,false,,,11.025,27.055,,,
906,2022-06-23T16:00:00.000Z,1764514,,,,,false,false,,,3.51,27.895416666666666,,,
907,2022-06-24T16:00:00.000Z,1450882,,,,,false,false,,,10.04,28.023541666666667,,,
908,2022-06-25T16:00:00.000Z,1610260,,,,,false,false,,,20.985,27.663541666666667,,,
909,2022-06-26T16:00:00.000Z,1173967,,,,,false,false,,,40.365,26.608333333333334,,,
910,2022-06-27T16:00:00.000Z,1080607,,,,,false,false,,,19.4,26.518541666666668,,,
911,2022-06-28T16:00:00.000Z,1260023,,,,,false,false,,,20.59,26.653125,,,
912,2022-06-29T16:00:00.000Z,1067132,,,,,false,false,,,17.935,27.161875,,,
913,2022-06-30T16:00:00.000Z,1760342,,,,,false,false,,,17.35,27.190416666666668,,,
914,2022-07-01T16:00:00.000Z,1562607,,,,,false,false,,,0.735,28.0025,,,
915,2022-07-02T16:00:00.000Z,1469633,,,,,false,false,,,1.54,28.717916666666667,,,
916,2022-07-03T16:00:00.000Z,1045787,,,,,false,false,,,6.05,28.30270833333333,,,
917,2022-07-04T16:00:00.000Z,1141626,,,,,false,false,,,19.225,27.18625,,,
918,2022-07-05T16:00:00.000Z,1277837,,,,,false,false,,,18.89,27.108541666666667,,,
919,2022-07-06T16:00:00.000Z,1518716,,,,,false,false,,,27.635,26.496666666666666,,,
920,2022-07-07T16:00:00.000Z,1542174,,,,,false,false,,,45.335,26.357291666666665,,,
921,2022-07-08T16:00:00.000Z,1296632,,,,,false,false,,,17.885,27.070208333333333,,,
922,2022-07-09T16:00:00.000Z,1766728,,,,,false,false,,,16.45,27.451666666666668,,,
923,2022-07-10T16:00:00.000Z,1513400,,,,,false,false,,,10.215,27.504375,,,
924,2022-07-11T16:00:00.000Z,1103311,,,,,false,false,,,12.23,27.01125,,,
925,2022-07-12T16:00:00.000Z,1378776,,,,,false,false,,,10.385,26.95895833333333,,,
926,2022-07-13T16:00:00.000Z,1372868,,,,,false,false,,,7.79,28.057916666666667,,,
927,2022-07-14T16:00:00.000Z,1427823,,,,,false,false,,,8.255,28.245625,,,
928,2022-07-15T16:00:00.000Z,1469560,,,,,false,false,,,32.28,27.595,,,
929,2022-07-16T16:00:00.000Z,1499518,,,,,false,false,,,22.62,26.9525,,,
930,2022-07-17T16:00:00.000Z,1286090,,,,,false,false,,,31.955,26.723125,,,
931,2022-07-18T16:00:00.000Z,1123728,,,,,false,false,,,6.43,27.445416666666667,,,
932,2022-07-19T16:00:00.000Z,1157032,,,,,false,false,,,4.89,28.198125,,,
933,2022-07-20T16:00:00.000Z,1359862,,,,,false,false,,,6.825,27.493541666666665,,,
934,2022-07-21T16:00:00.000Z,1691990,,,,,false,false,,,4.625,27.875625,,,
935,2022-07-22T16:00:00.000Z,1496354,,,,,false,false,,,10.785,28.247708333333332,,,
936,2022-07-23T16:00:00.000Z,1499776,,,,,false,false,,,7.555,28.250416666666666,,,
937,2022-07-24T16:00:00.000Z,1348943,,,,,false,false,,,33.285,27.879583333333333,,,
938,2022-07-25T16:00:00.000Z,1446477,,,,,false,false,,,10.915,27.740625,,,
939,2022-07-26T16:00:00.000Z,1337364,,,,,false,false,,,9.19,27.603125,,,
940,2022-07-27T16:00:00.000Z,1422292,,,,,false,false,,,14.335,27.689375,,,
941,2022-07-28T16:00:00.000Z,1771709,,,,,false,false,,,18.955,27.363541666666666,,,
942,2022-07-29T16:00:00.000Z,1364516,,,,,false,false,,,20.8,26.86541666666667,,,
943,2022-07-30T16:00:00.000Z,1665205,,,,,false,false,,,10.31,26.955625,,,
944,2022-07-31T16:00:00.000Z,1181696,,,,,false,false,,,13.615,26.997916666666665,,,
945,2022-08-01T16:00:00.000Z,1091968,,,,,false,false,,,5.29,27.43145833333333,,,
946,2022-08-02T16:00:00.000Z,979221,,,,,false,false,,,6.35,27.934791666666666,,,
947,2022-08-03T16:00:00.000Z,1058604,,,,,false,false,,,24.9,27.0975,,,
948,2022-08-04T16:00:00.000Z,1563339,,,,,false,false,,,81.58,25.703125,,,
949,2022-08-05T16:00:00.000Z,1297823,,,,,false,false,,,16.735,25.747708333333332,,,
950,2022-08-06T16:00:00.000Z,1503063,,,,,false,false,,,13.84,25.860625,,,
951,2022-08-07T16:00:00.000Z,1152411,,,,,false,false,,,27.64,25.518541666666668,,,
952,2022-08-08T16:00:00.000Z,1112537,,,,,false,false,,,10.65,27.248125,,,
953,2022-08-09T16:00:00.000Z,1028756,,,,,false,false,,,6.24,27.801666666666666,,,
954,2022-08-10T16:00:00.000Z,1166488,,,,,false,false,,,9.86,26.971666666666668,,,
955,2022-08-11T16:00:00.000Z,1622540,,,,,false,false,,,5.84,27.267916666666668,,,
956,2022-08-12T16:00:00.000Z,1342647,,,,,false,false,,,21.51,26.573958333333334,,,
957,2022-08-13T16:00:00.000Z,1474806,,,,,false,false,,,21.945,26.689791666666668,,,
958,2022-08-14T16:00:00.000Z,1006335,,,,,false,false,,,13.97,26.05625,,,
959,2022-08-15T16:00:00.000Z,1241032,,,,,false,false,,,6.27,27.206666666666667,,,
960,2022-08-16T16:00:00.000Z,1036667,,,,,false,false,,,9.875,27.08770833333333,,,
961,2022-08-17T16:00:00.000Z,1117736,,,,,false,false,,,19.415,26.272083333333335,,,
962,2022-08-18T16:00:00.000Z,1461943,,,,,false,false,,,7.97,27.035208333333333,,,
963,2022-08-19T16:00:00.000Z,1429231,,,,,false,false,,,16.395,27.040208333333332,,,
964,2022-08-20T16:00:00.000Z,1446841,,,,,false,false,,,12.03,26.888958333333335,,,
965,2022-08-21T16:00:00.000Z,1123088,,,,,false,false,,,19.08,26.674375,,,
966,2022-08-22T16:00:00.000Z,1067415,,,,,false,false,,,67.445,25.791875,,,
967,2022-08-23T16:00:00.000Z,1096016,,,,,false,false,,,14.885,26.591875,,,
968,2022-08-24T16:00:00.000Z,1146349,,,,,false,false,,,7.7,27.531458333333333,,,
969,2022-08-25T16:00:00.000Z,1479829,,,,,false,false,,,19.465,27.393958333333334,,,
970,2022-08-26T16:00:00.000Z,1262872,,,,,false,false,,,4.825,27.517916666666668,,,
971,2022-08-27T16:00:00.000Z,1445432,,,,,false,false,,,9.49,27.374375,,,
972,2022-08-28T16:00:00.000Z,1155585,,,,,false,false,,,5.625,27.304791666666667,,,
973,2022-08-29T16:00:00.000Z,1089800,,,,,false,false,,,9.345,27.010416666666668,,,
974,2022-08-30T16:00:00.000Z,1113891,,,,,false,false,,,17.165,26.9375,,,
975,2022-08-31T16:00:00.000Z,1225248,,,,,false,false,,,7.515,27.248125,,,
976,2022-09-01T16:00:00.000Z,1485602,,,,,false,false,,,17.615,27.089375,,,
977,2022-09-02T16:00:00.000Z,1438057,,,,,false,false,,,19.385,26.768125,,,
978,2022-09-03T16:00:00.000Z,1658301,,,,,false,false,,,11.535,27.466458333333332,,,
979,2022-09-04T16:00:00.000Z,1311871,,,,,false,false,,,8.28,27.421666666666667,,,
980,2022-09-05T16:00:00.000Z,1163796,,,,,false,false,,,7.76,27.324166666666667,,,
981,2022-09-06T16:00:00.000Z,1315032,,,,,false,false,,,4.965,27.839166666666667,,,
982,2022-09-07T16:00:00.000Z,1289124,,,,,false,false,,,13.48,27.973333333333333,,,
983,2022-09-08T16:00:00.000Z,1465914,,,,,false,false,,,15.575,26.841041666666666,,,
984,2022-09-09T16:00:00.000Z,1401748,,,,,false,false,,,10.605,26.53875,,,
985,2022-09-10T16:00:00.000Z,1493168,,,,,false,false,,,3.38,27.426875,,,
986,2022-09-11T16:00:00.000Z,1238280,,,,,false,false,,,1.835,27.653333333333332,,,
987,2022-09-12T16:00:00.000Z,1324274,,,,,false,false,,,0.755,28.107708333333335,,,
988,2022-09-13T16:00:00.000Z,1429448,,,,,false,false,,,2.92,27.661875,,,
989,2022-09-14T16:00:00.000Z,1175856,,,,,false,false,,,1.865,27.734166666666667,,,
990,2022-09-15T16:00:00.000Z,1621938,,,,,false,false,,,8.595,27.074375,,,
991,2022-09-16T16:00:00.000Z,1318273,,,,,false,false,,,5.08,26.632916666666667,,,
992,2022-09-17T16:00:00.000Z,1857043,,,,,false,false,,,12.72,27.120416666666667,,,
993,2022-09-18T16:00:00.000Z,1272348,,,,,false,false,,,17.425,26.5025,,,
994,2022-09-19T16:00:00.000Z,1401097,,,,,false,false,,,18.28,25.971666666666668,,,
995,2022-09-20T16:00:00.000Z,1185732,,,,,false,false,,,17.765,26.237291666666668,,,
996,2022-09-21T16:00:00.000Z,1161510,,,,,false,false,,,9.625,26.337291666666665,,,
997,2022-09-22T16:00:00.000Z,1897686,,,,,false,false,,,8.29,26.061458333333334,,,
998,2022-09-23T16:00:00.000Z,1428939,,,,,false,false,,,0.585,26.758333333333333,,,
999,2022-09-24T16:00:00.000Z,1500968,,,,,false,false,,,77.89,26.4225,,,
1000,2022-09-25T16:00:00.000Z,1089186,,,,,false,false,,,86.1,26.61375,,,
1001,2022-09-26T16:00:00.000Z,1274605,,,,,false,false,,,14.11,26.417708333333334,,,
1002,2022-09-27T16:00:00.000Z,1320966,,,,,false,false,,,7.255,26.730416666666667,,,
1003,2022-09-28T16:00:00.000Z,1458095,,,,,false,false,,,8.695,26.719791666666666,,,
1004,2022-09-29T16:00:00.000Z,1735415,,,,,false,false,,,18.685,26.470208333333332,,,
1005,2022-09-30T16:00:00.000Z,1319961,,,,,false,false,,,6.09,26.961458333333333,,,
1006,2022-10-01T16:00:00.000Z,1688093,,,,,false,false,,,2.875,27.370208333333334,,,
1007,2022-10-02T16:00:00.000Z,1499271,,,,,false,false,,,7.665,26.998125,,,
1008,2022-10-03T16:00:00.000Z,1199646,,,,,false,false,,,11.515,27.12,,,
1009,2022-10-04T16:00:00.000Z,1341920,,,,,false,false,,,8.52,27.485416666666666,,,
1010,2022-10-05T16:00:00.000Z,1253315,,,,,false,false,,,1.395,27.893958333333334,,,
1011,2022-10-06T16:00:00.000Z,1447160,,,,,false,false,,,4.515,27.60354166666667,,,
1012,2022-10-07T16:00:00.000Z,1599545,,,,,false,false,,,1.99,27.668541666666666,,,
1013,2022-10-08T16:00:00.000Z,1531962,,,,,false,false,,,3.815,27.524166666666666,,,
1014,2022-10-09T16:00:00.000Z,1207393,,,,,false,false,,,1.785,27.610416666666666,,,
1015,2022-10-10T16:00:00.000Z,1352697,,,,,false,false,,,3.035,27.700833333333332,,,
1016,2022-10-11T16:00:00.000Z,1286749,,,,,false,false,,,4.305,27.254791666666666,,,
1017,2022-10-12T16:00:00.000Z,1215055,,,,,false,false,,,12.025,27.597083333333334,,,
1018,2022-10-13T16:00:00.000Z,1518447,,,,,false,false,,,18.7,26.91604166666667,,,
1019,2022-10-14T16:00:00.000Z,1533929,,,,,false,false,,,3.865,27.516458333333333,,,
1020,2022-10-15T16:00:00.000Z,1682481,,,,,false,false,,,2.98,27.57229166666667,,,
1021,2022-10-16T16:00:00.000Z,1259439,,,,,false,false,,,6.195,27.31625,,,
1022,2022-10-17T16:00:00.000Z,1225769,,,,,false,false,,,10.845,27.255625,,,
1023,2022-10-18T16:00:00.000Z,1130326,,,,,false,false,,,22.88,26.560208333333332,,,
1024,2022-10-19T16:00:00.000Z,1242859,,,,,false,false,,,33.46,26.170416666666668,,,
1025,2022-10-20T16:00:00.000Z,1492202,,,,,false,false,,,2.615,26.826666666666668,,,
1026,2022-10-21T16:00:00.000Z,1418353,,,,,false,false,,,8.4,27.355625,,,
1027,2022-10-22T16:00:00.000Z,1554423,,,,,false,false,,,16.88,27.266458333333333,,,
1028,2022-10-23T16:00:00.000Z,1355467,,,,,false,false,,,2.995,27.704583333333332,,,
1029,2022-10-24T16:00:00.000Z,1073978,,,,,false,false,,,8.36,26.739583333333332,,,
1030,2022-10-25T16:00:00.000Z,1234527,,,,,false,false,,,0.55,27.520416666666666,,,
1031,2022-10-26T16:00:00.000Z,1191904,,,,,false,false,,,0.115,27.955208333333335,,,
1032,2022-10-27T16:00:00.000Z,1516503,,,,,false,false,,,1.51,27.316666666666666,,,
1033,2022-10-28T16:00:00.000Z,1814305,,,,,false,false,,,88.675,25.420416666666668,,,
1034,2022-10-29T16:00:00.000Z,2161899,,,,,false,false,,,47.895,26.403541666666666,,,
1035,2022-10-30T16:00:00.000Z,1842078,,,,,false,false,,,16.755,26.97875,,,
1036,2022-10-31T16:00:00.000Z,1693471,,,,,false,false,,,13.3,27.200416666666666,,,
1037,2022-11-01T16:00:00.000Z,1584094,,,,,false,false,,,0.24,27.24375,,,
1038,2022-11-02T16:00:00.000Z,1801049,,,,,false,false,,,11.81,26.2525,,,
1039,2022-11-03T16:00:00.000Z,1474366,,,,,false,false,,,12.91,26.334583333333335,,,
1040,2022-11-04T16:00:00.000Z,1368396,,,,,false,false,,,3.655,26.95375,,,
1041,2022-11-05T16:00:00.000Z,1516539,,,,,false,false,,,1.165,27.270625,,,
1042,2022-11-06T16:00:00.000Z,1060788,,,,,false,false,,,3.085,27.327916666666667,,,
1043,2022-11-07T16:00:00.000Z,1237758,,,,,false,false,,,6.215,26.952083333333334,,,
1044,2022-11-08T16:00:00.000Z,1398586,,,,,false,false,,,2.9,27.497708333333332,,,
1045,2022-11-09T16:00:00.000Z,1242542,,,,,false,false,,,3.015,27.659375,,,
1046,2022-11-10T16:00:00.000Z,1443398,,,,,false,false,,,0.77,27.664791666666666,,,
1047,2022-11-11T16:00:00.000Z,1305198,,,,,false,false,,,2.895,27.44625,,,
1048,2022-11-12T16:00:00.000Z,1658173,,,,,false,false,,,0.94,27.67791666666667,,,
1049,2022-11-13T16:00:00.000Z,1345619,,,,,false,false,,,0.225,27.905833333333334,,,
1050,2022-11-14T16:00:00.000Z,1152158,,,,,false,false,,,0.41,27.853958333333335,,,
1051,2022-11-15T16:00:00.000Z,1026726,,,,,false,false,,,0.11,27.71375,,,
1052,2022-11-16T16:00:00.000Z,1077265,,,,,false,false,,,0.965,27.468958333333333,,,
1053,2022-11-17T16:00:00.000Z,1581204,,,,,false,false,,,2.72,26.918958333333332,,,
1054,2022-11-18T16:00:00.000Z,1330169,,,,,false,false,,,20.29,26.632083333333334,,,
1055,2022-11-19T16:00:00.000Z,1601216,,,,,false,false,,,13.795,26.824166666666667,,,
1056,2022-11-20T16:00:00.000Z,1269513,,,,,false,false,,,4.93,26.518125,,,
1057,2022-11-21T16:00:00.000Z,1358020,,,,,false,false,,,0.42,27.121875,,,
1058,2022-11-22T16:00:00.000Z,1092347,,,,,false,false,,,0.9,27.248958333333334,,,
1059,2022-11-23T16:00:00.000Z,1203652,,,,,false,false,,,0.325,27.722916666666666,,,
1060,2022-11-24T16:00:00.000Z,1403836,,,,,false,false,,,0.525,27.400625,,,
1061,2022-11-25T16:00:00.000Z,1285053,,,,,false,false,,,0.16,27.013333333333332,,,
1062,2022-11-26T16:00:00.000Z,1520141,,,,,false,false,,,0.015,26.823541666666667,,,
1063,2022-11-27T16:00:00.000Z,1297632,,,,,false,false,,,0.085,27.16583333333333,,,
1064,2022-11-28T16:00:00.000Z,1227942,,,,,false,false,,,0.355,27.773958333333333,,,
1065,2022-11-29T16:00:00.000Z,1223020,,,,,false,false,,,6.05,27.52145833333333,,,
1066,2022-11-30T16:00:00.000Z,1255085,,,,,false,false,,,0.505,27.41875,,,
1067,2022-12-01T16:00:00.000Z,1872915,,,,,false,false,,,0.23,27.659791666666667,,,
1068,2022-12-02T16:00:00.000Z,1375705,,,,,false,false,,,0.16,27.604375,,,
1069,2022-12-03T16:00:00.000Z,1688882,,,,,false,false,,,1.02,27.297708333333333,,,
1070,2022-12-04T16:00:00.000Z,1382594,,,,,false,false,,,0.345,27.1825,,,
1071,2022-12-05T16:00:00.000Z,1019548,,,,,false,false,,,0.465,27.486875,,,
1072,2022-12-06T16:00:00.000Z,1114678,,,,,false,false,,,0.385,27.403541666666666,,,
1073,2022-12-07T16:00:00.000Z,1096672,,,,,false,false,,,0.235,27.6525,,,
1074,2022-12-08T16:00:00.000Z,1488280,,,,,false,false,,,1.985,27.038541666666667,,,
1075,2022-12-09T16:00:00.000Z,1336009,,,,,false,false,,,9.535,26.199375,,,
1076,2022-12-10T16:00:00.000Z,1692629,,,,,false,false,,,0.455,26.441041666666667,,,
1077,2022-12-11T16:00:00.000Z,1400407,,,,,false,false,,,0.49,26.579375,,,
1078,2022-12-12T16:00:00.000Z,1200127,,,,,false,false,,,1.465,27.081666666666667,,,
1079,2022-12-13T16:00:00.000Z,1320194,,,,,false,false,,,2.18,26.923541666666665,,,
1080,2022-12-14T16:00:00.000Z,1634413,,,,,false,false,,,0.515,27.17,,,
1081,2022-12-15T16:00:00.000Z,2344591,,,,,false,false,,,0.51,27.403541666666666,,,
1082,2022-12-16T16:00:00.000Z,2061365,,,,,false,false,,,3.855,27.09979166666667,,,
1083,2022-12-17T16:00:00.000Z,2598339,,,,,false,false,,,0.71,26.397916666666667,,,
1084,2022-12-18T16:00:00.000Z,1737447,,,,,false,false,,,11.29,26.00979166666667,,,
1085,2022-12-19T16:00:00.000Z,1780389,,,,,false,false,,,9.995,25.859791666666666,,,
1086,2022-12-20T16:00:00.000Z,1771532,,,,,false,false,,,7.71,25.828541666666666,,,
1087,2022-12-21T16:00:00.000Z,1916021,,,,,false,false,,,0.075,26.079166666666666,,,
1088,2022-12-22T16:00:00.000Z,2600335,,,,,false,false,,,0.0,25.560833333333335,,,
1089,2022-12-23T16:00:00.000Z,2014502,,,,,false,false,,,0.01,24.649791666666665,,,
1090,2022-12-24T16:00:00.000Z,2545098,,,,,false,false,,,0.0,23.967916666666667,,,
1091,2022-12-25T16:00:00.000Z,1853742,,,,,false,false,,,0.0,24.255625,,,
1092,2022-12-26T16:00:00.000Z,2043315,,,,,false,false,,,0.0,24.506666666666668,,,
1093,2022-12-27T16:00:00.000Z,2154543,,,,,false,false,,,0.385,25.31375,,,
1094,2022-12-28T16:00:00.000Z,2028077,,,,,false,false,,,16.865,24.862708333333334,,,
1095,2022-12-29T16:00:00.000Z,2433562,,,,,false,false,,,2.145,26.426041666666666,,,
1096,2022-12-30T16:00:00.000Z,2056436,,,,,false,false,,,0.7,26.178958333333334,,,
1097,2022-12-31T16:00:00.000Z,2545841,,,,,false,false,,,3.845,26.655833333333334,,,
1098,2023-01-01T16:00:00.000Z,2254037,,,,,false,false,,,0.425,26.990833333333335,,,
1099,2023-01-02T16:00:00.000Z,1941265,,,,,false,false,,,5.05,25.968958333333333,,,
1100,2023-01-03T16:00:00.000Z,1949923,,,,,false,false,,,6.8,25.893958333333334,,,
1101,2023-01-04T16:00:00.000Z,1904055,,,,,false,false,,,10.265,25.107708333333335,,,
1102,2023-01-05T16:00:00.000Z,1713581,,,,,false,false,,,11.655,25.153333333333332,,,
1103,2023-01-06T16:00:00.000Z,1731435,,,,,false,false,,,0.32,25.507708333333333,,,
1104,2023-01-07T16:00:00.000Z,1636446,,,,,false,false,,,0.09,24.833333333333332,,,
1105,2023-01-08T16:00:00.000Z,1165227,,,,,false,false,,,0.0,25.180625,,,
1106,2023-01-09T16:00:00.000Z,1271844,,,,,false,false,,,0.0,25.371875,,,
1107,2023-01-10T16:00:00.000Z,1090308,,,,,false,false,,,0.0,25.71875,,,
1108,2023-01-11T16:00:00.000Z,1244931,,,,,false,false,,,0.0,25.704583333333332,,,
1109,2023-01-12T16:00:00.000Z,1861334,,,,,false,false,,,0.265,25.949583333333333,,,
1110,2023-01-13T16:00:00.000Z,1608193,,,,,false,false,,,2.15,25.832916666666666,,,
1111,2023-01-14T16:00:00.000Z,1511296,,,,,false,false,,,11.59,25.15625,,,
1112,2023-01-15T16:00:00.000Z,1505845,,,,,false,false,,,8.325,25.361666666666668,,,
1113,2023-01-16T16:00:00.000Z,1107217,,,,,false,false,,,1.645,25.7225,,,
1114,2023-01-17T16:00:00.000Z,1282588,,,,,false,false,,,1.645,25.66229166666667,,,
1115,2023-01-18T16:00:00.000Z,1390880,,,,,false,false,,,0.38,26.03875,,,
1116,2023-01-19T16:00:00.000Z,1924012,,,,,false,false,,,4.625,25.882083333333334,,,
1117,2023-01-20T16:00:00.000Z,1560389,,,,,false,false,,,0.93,25.658333333333335,,,
1118,2023-01-21T16:00:00.000Z,1905335,,,,,false,false,,,1.01,26.079166666666666,,,
1119,2023-01-22T16:00:00.000Z,1111054,,,,,false,false,,,0.0,26.514375,,,
1120,2023-01-23T16:00:00.000Z,1291729,,,,,false,false,,,0.235,26.317916666666665,,,
1121,2023-01-24T16:00:00.000Z,1375383,,,,,false,false,,,0.005,25.026458333333334,,,
1122,2023-01-25T16:00:00.000Z,1188753,,,,,false,false,,,0.0,25.09625,,,
1123,2023-01-26T16:00:00.000Z,1678479,,,,,false,false,,,16.335,24.779166666666665,,,
1124,2023-01-27T16:00:00.000Z,1330622,,,,,false,false,,,1.375,24.885833333333334,,,
1125,2023-01-28T16:00:00.000Z,1662784,,,,,false,false,,,0.0,24.42375,,,
1126,2023-01-29T16:00:00.000Z,1112080,,,,,false,false,,,0.0,25.354791666666667,,,
1127,2023-01-30T16:00:00.000Z,1406752,,,,,false,false,,,0.275,25.21,,,
1128,2023-01-31T16:00:00.000Z,1204676,,,,,false,false,,,0.0,26.266666666666666,,,
1129,2023-02-01T16:00:00.000Z,1258268,,,,,false,false,,,0.3,26.786041666666666,,,
1130,2023-02-02T16:00:00.000Z,1627113,,,,,false,false,,,0.135,26.893958333333334,,,
1131,2023-02-03T16:00:00.000Z,1419615,,,,,false,false,,,0.0,26.457916666666666,,,
1132,2023-02-04T16:00:00.000Z,1548295,,,,,false,false,,,0.0,26.169583333333332,,,
1133,2023-02-05T16:00:00.000Z,1133413,,,,,false,false,,,1.81,26.0975,,,
1134,2023-02-06T16:00:00.000Z,1349460,,,,,false,false,,,0.705,26.8975,,,
1135,2023-02-07T16:00:00.000Z,1049458,,,,,false,false,,,0.9,26.8725,,,
1136,2023-02-08T16:00:00.000Z,1443090,,,,,false,false,,,0.0,26.416458333333335,,,
1137,2023-02-09T16:00:00.000Z,1479149,,,,,false,false,,,0.0,26.651041666666668,,,
1138,2023-02-10T16:00:00.000Z,1264133,,,,,false,false,,,0.0,26.592916666666667,,,
1139,2023-02-11T16:00:00.000Z,1453005,,,,,false,false,,,0.065,26.79,,,
1140,2023-02-12T16:00:00.000Z,1469420,,,,,false,false,,,0.42,26.698541666666667,,,
1141,2023-02-13T16:00:00.000Z,1297439,,,,,false,false,,,0.0,26.801875,,,
1142,2023-02-14T16:00:00.000Z,1417373,,,,,false,false,,,0.0,26.458125,,,
1143,2023-02-15T16:00:00.000Z,1269488,,,,,false,false,,,0.015,25.931041666666665,,,
1144,2023-02-16T16:00:00.000Z,1629179,,,,,false,false,,,0.0,25.535416666666666,,,
1145,2023-02-17T16:00:00.000Z,1547094,,,,,false,false,,,0.075,26.47125,,,
1146,2023-02-18T16:00:00.000Z,1784913,,,,,false,false,,,23.28,25.78125,,,
1147,2023-02-19T16:00:00.000Z,1262020,,,,,false,false,,,10.345,26.031666666666666,,,
1148,2023-02-20T16:00:00.000Z,1384178,,,,,false,false,,,9.72,25.829583333333332,,,
1149,2023-02-21T16:00:00.000Z,1432719,,,,,false,false,,,0.015,26.295416666666668,,,
1150,2023-02-22T16:00:00.000Z,1117806,,,,,false,false,,,0.055,26.918541666666666,,,
1151,2023-02-23T16:00:00.000Z,1702065,,,,,false,false,,,0.155,27.464791666666667,,,
1152,2023-02-24T16:00:00.000Z,1596009,,,,,false,false,,,1.055,27.858958333333334,,,
1153,2023-02-25T16:00:00.000Z,1588963,,,,,false,false,,,0.8,26.933958333333333,,,
1154,2023-02-26T16:00:00.000Z,1080377,,,,,false,false,,,0.275,25.876041666666666,,,
1155,2023-02-27T16:00:00.000Z,1154685,,,,,false,false,,,0.0,25.838333333333335,,,
1156,2023-02-28T16:00:00.000Z,1481001,,,,,false,false,,,0.43,26.78875,,,
1157,2023-03-01T16:00:00.000Z,1529645,,,,,false,false,,,0.085,26.226666666666667,,,
1158,2023-03-02T16:00:00.000Z,1852299,,,,,false,false,,,0.0,25.388125,,,
1159,2023-03-03T16:00:00.000Z,1378824,,,,,false,false,,,0.0,25.72479166666667,,,
1160,2023-03-04T16:00:00.000Z,1782036,,,,,false,false,,,0.0,25.80291666666667,,,
1161,2023-03-05T16:00:00.000Z,1439495,,,,,false,false,,,0.0,25.63125,,,
1162,2023-03-06T16:00:00.000Z,1458542,,,,,false,false,,,0.0,25.716458333333332,,,
1163,2023-03-07T16:00:00.000Z,1427373,,,,,false,false,,,0.28,26.160416666666666,,,
1164,2023-03-08T16:00:00.000Z,1425772,,,,,false,false,,,0.295,26.674791666666668,,,
1165,2023-03-09T16:00:00.000Z,1837721,,,,,false,false,,,0.84,25.945833333333333,,,
1166,2023-03-10T16:00:00.000Z,1383593,,,,,false,false,,,0.0,25.828333333333333,,,
1167,2023-03-11T16:00:00.000Z,1547571,,,,,false,false,,,0.11,26.361041666666665,,,
1168,2023-03-12T16:00:00.000Z,1206308,,,,,false,false,,,0.93,25.155,,,
1169,2023-03-13T16:00:00.000Z,1493184,,,,,false,false,,,0.0,26.468333333333334,,,
1170,2023-03-14T16:00:00.000Z,1473062,,,,,false,false,,,0.245,27.109791666666666,,,
1171,2023-03-15T16:00:00.000Z,1208154,,,,,false,false,,,0.0,27.615,,,
1172,2023-03-16T16:00:00.000Z,1469766,,,,,false,false,,,0.415,27.635,,,
1173,2023-03-17T16:00:00.000Z,1370480,,,,,false,false,,,0.015,28.05291666666667,,,
1174,2023-03-18T16:00:00.000Z,1569295,,,,,false,false,,,0.0,27.94125,,,
1175,2023-03-19T16:00:00.000Z,1136128,,,,,false,false,,,0.0,27.577083333333334,,,
1176,2023-03-20T16:00:00.000Z,1327513,,,,,false,false,,,0.0,27.539583333333333,,,
1177,2023-03-21T16:00:00.000Z,1061875,,,,,false,false,,,0.0,28.2525,,,
1178,2023-03-22T16:00:00.000Z,1464993,,,,,false,false,,,0.04,29.041875,,,
1179,2023-03-23T16:00:00.000Z,1887936,,,,,false,false,,,1.105,28.953958333333333,,,
1180,2023-03-24T16:00:00.000Z,1662466,,,,,false,false,,,0.305,29.471041666666668,,,
1181,2023-03-25T16:00:00.000Z,1472367,,,,,false,false,,,0.625,29.52541666666667,,,
1182,2023-03-26T16:00:00.000Z,1394711,,,,,false,false,,,0.06,29.136875,,,
1183,2023-03-27T16:00:00.000Z,1165469,,,,,false,false,,,0.14,29.117083333333333,,,
1184,2023-03-28T16:00:00.000Z,1262128,,,,,false,false,,,0.82,29.119375,,,
1185,2023-03-29T16:00:00.000Z,1452186,,,,,false,false,,,1.035,29.31375,,,
1186,2023-03-30T16:00:00.000Z,1556182,,,,,false,false,,,3.06,29.14,,,
1187,2023-03-31T16:00:00.000Z,1708642,,,,,false,false,,,0.84,29.511041666666667,,,
1188,2023-04-01T16:00:00.000Z,2659277,,,,,false,false,,,3.465,28.7875,,,
1189,2023-04-02T16:00:00.000Z,2315806,,,,,false,false,,,9.105,28.399166666666666,,,
1190,2023-04-03T16:00:00.000Z,1614888,,,,,false,false,,,4.41,28.032916666666665,,,
1191,2023-04-04T16:00:00.000Z,2398440,,,,,false,false,,,0.0,28.238125,,,
1192,2023-04-05T16:00:00.000Z,1880196,,,,,false,false,,,0.32,28.80625,,,
1193,2023-04-06T16:00:00.000Z,2877371,,,,,false,false,,,0.605,29.3075,,,
1194,2023-04-07T16:00:00.000Z,2685314,,,,,false,false,,,0.485,29.482708333333335,,,
1195,2023-04-08T16:00:00.000Z,2296138,,,,,false,false,,,0.78,28.718333333333334,,,
1196,2023-04-09T16:00:00.000Z,1730061,,,,,false,false,,,2.205,28.403541666666666,,,
1197,2023-04-10T16:00:00.000Z,1417838,,,,,false,false,,,1.8,28.714583333333334,,,
1198,2023-04-11T16:00:00.000Z,1461700,,,,,false,false,,,8.09,27.476458333333333,,,
1199,2023-04-12T16:00:00.000Z,1447636,,,,,false,false,,,66.895,26.284375,,,
1200,2023-04-13T16:00:00.000Z,1879503,,,,,false,false,,,17.47,26.459375,,,
1201,2023-04-14T16:00:00.000Z,1752488,,,,,false,false,,,6.305,27.50604166666667,,,
1202,2023-04-15T16:00:00.000Z,1888397,,,,,false,false,,,2.73,27.901875,,,
1203,2023-04-16T16:00:00.000Z,1453277,,,,,false,false,,,1.83,28.195625,,,
1204,2023-04-17T16:00:00.000Z,1269834,,,,,false,false,,,1.255,28.74041666666667,,,
1205,2023-04-18T16:00:00.000Z,1385508,,,,,false,false,,,0.365,29.116041666666668,,,
1206,2023-04-19T16:00:00.000Z,1464102,,,,,false,false,,,0.225,29.894791666666666,,,
1207,2023-04-20T16:00:00.000Z,1815906,,,,,false,false,,,2.84,29.3625,,,
1208,2023-04-21T16:00:00.000Z,1686353,,,,,false,false,,,3.11,28.95125,,,
1209,2023-04-22T16:00:00.000Z,1680469,,,,,false,false,,,4.475,28.851458333333333,,,
1210,2023-04-23T16:00:00.000Z,1537885,,,,,false,false,,,20.96,28.580208333333335,,,
1211,2023-04-24T16:00:00.000Z,1267905,,,,,false,false,,,0.275,29.07625,,,
1212,2023-04-25T16:00:00.000Z,1416544,,,,,false,false,,,1.75,29.216875,,,
1213,2023-04-26T16:00:00.000Z,1443061,,,,,false,false,,,0.07,29.413541666666667,,,
1214,2023-04-27T16:00:00.000Z,1810322,,,,,false,false,,,0.115,29.56875,,,
1215,2023-04-28T16:00:00.000Z,1595973,,,,,false,false,,,4.19,29.043541666666666,,,
1216,2023-04-29T16:00:00.000Z,1829648,,,,,false,false,,,9.235,28.671041666666667,,,
1217,2023-04-30T16:00:00.000Z,1449985,,,,,false,false,,,0.985,29.530208333333334,,,
1218,2023-05-01T16:00:00.000Z,1346896,,,,,false,false,,,0.085,29.886666666666667,,,
1219,2023-05-02T16:00:00.000Z,1411703,,,,,false,false,,,0.24,29.996875,,,
1220,2023-05-03T16:00:00.000Z,1460957,,,,,false,false,,,2.15,29.263333333333332,,,
1221,2023-05-04T16:00:00.000Z,1979025,,,,,false,false,,,2.265,29.585208333333334,,,
1222,2023-05-05T16:00:00.000Z,1762321,,,,,false,false,,,1.35,30.105833333333333,,,
1223,2023-05-06T16:00:00.000Z,2030769,,,,,false,false,,,0.635,30.454166666666666,,,
1224,2023-05-07T16:00:00.000Z,1306034,,,,,false,false,,,3.935,29.671875,,,
1225,2023-05-08T16:00:00.000Z,1296904,,,,,false,false,,,10.375,28.667291666666667,,,
1226,2023-05-09T16:00:00.000Z,1366043,,,,,false,false,,,12.98,27.913958333333333,,,
1227,2023-05-10T16:00:00.000Z,1383795,,,,,false,false,,,27.805,28.502708333333334,,,
1228,2023-05-11T16:00:00.000Z,1832031,,,,,false,false,,,18.555,28.450833333333332,,,
1229,2023-05-12T16:00:00.000Z,1812352,,,,,false,false,,,6.085,28.693125,,,
1230,2023-05-13T16:00:00.000Z,1915010,,,,,false,false,,,4.225,28.807916666666667,,,
1231,2023-05-14T16:00:00.000Z,1382771,,,,,false,false,,,3.165,29.339166666666667,,,
1232,2023-05-15T16:00:00.000Z,1317674,,,,,false,false,,,8.135,28.932708333333334,,,
1233,2023-05-16T16:00:00.000Z,1281145,,,,,false,false,,,3.985,29.020625,,,
1234,2023-05-17T16:00:00.000Z,1389945,,,,,false,false,,,14.785,28.855833333333333,,,
1235,2023-05-18T16:00:00.000Z,1854994,,,,,false,false,,,4.615,28.420833333333334,,,
1236,2023-05-19T16:00:00.000Z,1677477,,,,,false,false,,,12.235,27.685625,,,
1237,2023-05-20T16:00:00.000Z,1862005,,,,,false,false,,,3.675,28.607708333333335,,,
1238,2023-05-21T16:00:00.000Z,1469038,,,,,false,false,,,3.145,28.79625,,,
1239,2023-05-22T16:00:00.000Z,1403470,,,,,false,false,,,8.6,28.474166666666665,,,
1240,2023-05-23T16:00:00.000Z,1341809,,,,,false,false,,,13.64,28.735208333333333,,,
1241,2023-05-24T16:00:00.000Z,1412963,,,,,false,false,,,21.21,27.92,,,
1242,2023-05-25T16:00:00.000Z,1877365,,,,,false,false,,,8.215,27.898541666666667,,,
1243,2023-05-26T16:00:00.000Z,1719627,,,,,false,false,,,5.075,28.477708333333332,,,
1244,2023-05-27T16:00:00.000Z,1752325,,,,,false,false,,,0.94,29.139375,,,
1245,2023-05-28T16:00:00.000Z,1474980,,,,,false,false,,,1.45,30.454791666666665,,,
1246,2023-05-29T16:00:00.000Z,1398205,,,,,false,false,,,2.995,30.056041666666665,,,
1247,2023-05-30T16:00:00.000Z,1334886,,,,,false,false,,,8.425,29.33791666666667,,,
1248,2023-05-31T16:00:00.000Z,1507725,,,,,false,false,,,3.23,29.260625,,,
1249,2023-06-01T16:00:00.000Z,1608111,,,,,false,false,,,11.455,28.179583333333333,,,
1250,2023-06-02T16:00:00.000Z,1740330,,,,,false,false,,,8.905,28.476875,,,
1251,2023-06-03T16:00:00.000Z,1861214,,,,,false,false,,,11.25,28.42375,,,
1252,2023-06-04T16:00:00.000Z,1409501,,,,,false,false,,,14.965,27.6425,,,
1253,2023-06-05T16:00:00.000Z,1283294,,,,,false,false,,,14.27,27.698125,,,
1254,2023-06-06T16:00:00.000Z,1039687,,,,,false,false,,,11.385,28.029791666666668,,,
1255,2023-06-07T16:00:00.000Z,1502799,,,,,false,false,,,5.805,27.983125,,,
1256,2023-06-08T16:00:00.000Z,1570661,,,,,false,false,,,12.005,28.109791666666666,,,
1257,2023-06-09T16:00:00.000Z,1707400,,,,,false,false,,,12.92,27.57375,,,
1258,2023-06-10T16:00:00.000Z,1723264,,,,,false,false,,,13.34,27.221041666666668,,,
1259,2023-06-11T16:00:00.000Z,1343865,,,,,false,false,,,16.34,27.486041666666665,,,
1260,2023-06-12T16:00:00.000Z,1376778,,,,,false,false,,,4.98,28.503541666666667,,,
1261,2023-06-13T16:00:00.000Z,1203777,,,,,false,false,,,1.48,29.147916666666667,,,
1262,2023-06-14T16:00:00.000Z,1229785,,,,,false,false,,,12.685,28.127083333333335,,,
1263,2023-06-15T16:00:00.000Z,1693346,,,,,false,false,,,9.725,27.715833333333332,,,
1264,2023-06-16T16:00:00.000Z,1516775,,,,,false,false,,,5.72,28.69708333333333,,,
1265,2023-06-17T16:00:00.000Z,1460104,,,,,false,false,,,4.14,28.798333333333332,,,
1266,2023-06-18T16:00:00.000Z,1425705,,,,,false,false,,,3.14,28.781458333333333,,,
1267,2023-06-19T16:00:00.000Z,1212042,,,,,false,false,,,6.505,28.25958333333333,,,
1268,2023-06-20T16:00:00.000Z,1021508,,,,,false,false,,,3.82,28.72125,,,
1269,2023-06-21T16:00:00.000Z,1214751,,,,,false,false,,,5.19,28.308125,,,
1270,2023-06-22T16:00:00.000Z,1487344,,,,,false,false,,,3.825,28.507708333333333,,,
1271,2023-06-23T16:00:00.000Z,1483927,,,,,false,false,,,6.305,28.0575,,,
1272,2023-06-24T16:00:00.000Z,1687709,,,,,false,false,,,16.27,27.095625,,,
1273,2023-06-25T16:00:00.000Z,1196234,,,,,false,false,,,14.605,27.248125,,,
1274,2023-06-26T16:00:00.000Z,1186347,,,,,false,false,,,36.825,27.798333333333332,,,
1275,2023-06-27T16:00:00.000Z,1033518,,,,,false,false,,,11.28,27.344375,,,
1276,2023-06-28T16:00:00.000Z,1487203,,,,,false,false,,,12.515,26.914166666666667,,,
1277,2023-06-29T16:00:00.000Z,1545838,,,,,false,false,,,3.48,27.87375,,,
1278,2023-06-30T16:00:00.000Z,1508252,,,,,false,false,,,14.565,28.042291666666667,,,
1279,2023-07-01T16:00:00.000Z,1761193,,,,,false,false,,,5.67,27.727916666666665,,,
1280,2023-07-02T16:00:00.000Z,1471351,,,,,false,false,,,0.795,28.513333333333332,,,
1281,2023-07-03T16:00:00.000Z,1304685,,,,,false,false,,,0.035,29.544791666666665,,,
1282,2023-07-04T16:00:00.000Z,1331425,,,,,false,false,,,0.695,29.786041666666666,,,
1283,2023-07-05T16:00:00.000Z,1050263,,,,,false,false,,,1.04,30.034583333333334,,,
1284,2023-07-06T16:00:00.000Z,1496068,,,,,false,false,,,9.325,28.603958333333335,,,
1285,2023-07-07T16:00:00.000Z,1621268,,,,,false,false,,,11.985,29.01375,,,
1286,2023-07-08T16:00:00.000Z,1470605,,,,,false,false,,,2.66,29.32875,,,
1287,2023-07-09T16:00:00.000Z,1364632,,,,,false,false,,,1.71,29.4025,,,
1288,2023-07-10T16:00:00.000Z,1188943,,,,,false,false,,,9.385,29.051041666666666,,,
1289,2023-07-11T16:00:00.000Z,1314632,,,,,false,false,,,12.62,27.816666666666666,,,
1290,2023-07-12T16:00:00.000Z,1300475,,,,,false,false,,,52.725,26.456875,,,
1291,2023-07-13T16:00:00.000Z,1720156,,,,,false,false,,,56.74,26.524583333333332,,,
1292,2023-07-14T16:00:00.000Z,1763997,,,,,false,false,,,39.45,27.019791666666666,,,
1293,2023-07-15T16:00:00.000Z,1883154,,,,,false,false,,,32.115,26.901458333333334,,,
1294,2023-07-16T16:00:00.000Z,1318727,,,,,false,false,,,14.425,27.332708333333333,,,
1295,2023-07-17T16:00:00.000Z,1095731,,,,,false,false,,,7.02,28.592708333333334,,,
1296,2023-07-18T16:00:00.000Z,1108180,,,,,false,false,,,11.315,27.898125,,,
1297,2023-07-19T16:00:00.000Z,1347881,,,,,false,false,,,28.19,27.568125,,,
1298,2023-07-20T16:00:00.000Z,1764240,,,,,false,false,,,15.95,27.4275,,,
1299,2023-07-21T16:00:00.000Z,1597088,,,,,false,false,,,15.95,27.510625,,,
1300,2023-07-22T16:00:00.000Z,1606585,,,,,false,false,,,13.18,27.03625,,,
1301,2023-07-23T16:00:00.000Z,1434711,,,,,false,false,,,17.775,27.348958333333332,,,
1302,2023-07-24T16:00:00.000Z,1355627,,,,,false,false,,,23.31,28.221458333333334,,,
1303,2023-07-25T16:00:00.000Z,1420211,,,,,false,false,,,16.7,27.227083333333333,,,
1304,2023-07-26T16:00:00.000Z,1277684,,,,,false,false,,,23.4,26.899791666666665,,,
1305,2023-07-27T16:00:00.000Z,1487335,,,,,false,false,,,33.39,26.821875,,,
1306,2023-07-28T16:00:00.000Z,1763917,,,,,false,false,,,42.455,26.721875,,,
1307,2023-07-29T16:00:00.000Z,1576239,,,,,false,false,,,14.835,26.838333333333335,,,
1308,2023-07-30T16:00:00.000Z,1373448,,,,,false,false,,,9.135,26.905,,,
1309,2023-07-31T16:00:00.000Z,1109621,,,,,false,false,,,19.025,27.094583333333333,,,
1310,2023-08-01T16:00:00.000Z,1149373,,,,,false,false,,,16.505,26.924791666666668,,,
1311,2023-08-02T16:00:00.000Z,1196247,,,,,false,false,,,15.8,27.31875,,,
1312,2023-08-03T16:00:00.000Z,1539096,,,,,false,false,,,4.435,27.929583333333333,,,
1313,2023-08-04T16:00:00.000Z,1351235,,,,,false,false,,,1.865,28.231666666666666,,,
1314,2023-08-05T16:00:00.000Z,1454096,,,,,false,false,,,1.85,28.319375,,,
1315,2023-08-06T16:00:00.000Z,1062823,,,,,false,false,,,2.985,28.215208333333333,,,
1316,2023-08-07T16:00:00.000Z,1197138,,,,,false,false,,,2.54,28.431041666666665,,,
1317,2023-08-08T16:00:00.000Z,1056000,,,,,false,false,,,2.29,28.555,,,
1318,2023-08-09T16:00:00.000Z,1084045,,,,,false,false,,,3.88,28.50979166666667,,,
1319,2023-08-10T16:00:00.000Z,1490999,,,,,false,false,,,3.055,28.147708333333334,,,
1320,2023-08-11T16:00:00.000Z,1460275,,,,,false,false,,,1.71,28.309166666666666,,,
1321,2023-08-12T16:00:00.000Z,1436617,,,,,false,false,,,2.02,28.66583333333333,,,
1322,2023-08-13T16:00:00.000Z,1084085,,,,,false,false,,,3.66,28.51125,,,
1323,2023-08-14T16:00:00.000Z,1127195,,,,,false,false,,,4.68,28.425625,,,
1324,2023-08-15T16:00:00.000Z,1073226,,,,,false,false,,,4.74,28.188333333333333,,,
1325,2023-08-16T16:00:00.000Z,1198196,,,,,false,false,,,6.09,27.903333333333332,,,
1326,2023-08-17T16:00:00.000Z,1470988,,,,,false,false,,,5.535,27.84979166666667,,,
1327,2023-08-18T16:00:00.000Z,1392834,,,,,false,false,,,8.49,27.99395833333333,,,
1328,2023-08-19T16:00:00.000Z,1618959,,,,,false,false,,,4.9,28.355208333333334,,,
1329,2023-08-20T16:00:00.000Z,1154789,,,,,false,false,,,10.72,27.833125,,,
1330,2023-08-21T16:00:00.000Z,1276673,,,,,false,false,,,20.47,27.158541666666668,,,
1331,2023-08-22T16:00:00.000Z,1095332,,,,,false,false,,,14.985,27.376875,,,
1332,2023-08-23T16:00:00.000Z,1099013,,,,,false,false,,,6.82,27.69,,,
1333,2023-08-24T16:00:00.000Z,1449476,,,,,false,false,,,8.87,27.929583333333333,,,
1334,2023-08-25T16:00:00.000Z,1438677,,,,,false,false,,,8.345,27.404583333333335,,,
1335,2023-08-26T16:00:00.000Z,1570611,,,,,false,false,,,17.445,27.396875,,,
1336,2023-08-27T16:00:00.000Z,1138190,,,,,false,false,,,10.065,28.13,,,
1337,2023-08-28T16:00:00.000Z,1094363,,,,,false,false,,,7.055,27.656458333333333,,,
1338,2023-08-29T16:00:00.000Z,1171570,,,,,false,false,,,28.585,27.232291666666665,,,
1339,2023-08-30T16:00:00.000Z,1121325,,,,,false,false,,,17.025,27.071041666666666,,,
1340,2023-08-31T16:00:00.000Z,1489760,,,,,false,false,,,22.355,27.064791666666668,,,
1341,2023-09-01T16:00:00.000Z,1767924,,,,,false,false,,,17.325,27.11,,,
1342,2023-09-02T16:00:00.000Z,1455317,,,,,false,false,,,15.09,27.189166666666665,,,
1343,2023-09-03T16:00:00.000Z,1109033,,,,,false,false,,,18.205,26.86541666666667,,,
1344,2023-09-04T16:00:00.000Z,1419837,,,,,false,false,,,21.345,27.113333333333333,,,
1345,2023-09-05T16:00:00.000Z,1378093,,,,,false,false,,,11.55,27.793125,,,
1346,2023-09-06T16:00:00.000Z,1040038,,,,,false,false,,,5.62,28.139791666666667,,,
1347,2023-09-07T16:00:00.000Z,1634752,,,,,false,false,,,2.25,27.798541666666665,,,
1348,2023-09-08T16:00:00.000Z,1343968,,,,,false,false,,,2.63,27.903333333333332,,,
1349,2023-09-09T16:00:00.000Z,1601032,,,,,false,false,,,3.835,27.689583333333335,,,
1350,2023-09-10T16:00:00.000Z,1296222,,,,,false,false,,,8.215,27.679791666666667,,,
1351,2023-09-11T16:00:00.000Z,1210042,,,,,false,false,,,11.89,26.9225,,,
1352,2023-09-12T16:00:00.000Z,1540708,,,,,false,false,,,17.1,27.016666666666666,,,
1353,2023-09-13T16:00:00.000Z,1171368,,,,,false,false,,,4.22,27.346458333333334,,,
1354,2023-09-14T16:00:00.000Z,2011346,,,,,false,false,,,7.545,27.433958333333333,,,
1355,2023-09-15T16:00:00.000Z,1650116,,,,,false,false,,,4.75,27.718125,,,
1356,2023-09-16T16:00:00.000Z,1667931,,,,,false,false,,,13.27,27.62,,,
1357,2023-09-17T16:00:00.000Z,1325613,,,,,false,false,,,18.215,27.716458333333332,,,
1358,2023-09-18T16:00:00.000Z,1241759,,,,,false,false,,,12.52,27.5575,,,
1359,2023-09-19T16:00:00.000Z,1360824,,,,,false,false,,,4.18,28.119791666666668,,,
1360,2023-09-20T16:00:00.000Z,1328308,,,,,false,false,,,19.76,27.741875,,,
1361,2023-09-21T16:00:00.000Z,1648798,,,,,false,false,,,19.01,26.946666666666665,,,
1362,2023-09-22T16:00:00.000Z,1443214,,,,,false,false,,,25.44,26.25,,,
1363,2023-09-23T16:00:00.000Z,1910416,,,,,false,false,,,14.835,27.04083333333333,,,
1364,2023-09-24T16:00:00.000Z,1326862,,,,,false,false,,,16.885,26.671041666666667,,,
1365,2023-09-25T16:00:00.000Z,1361284,,,,,false,false,,,9.815,26.967708333333334,,,
1366,2023-09-26T16:00:00.000Z,1185563,,,,,false,false,,,10.52,26.90020833333333,,,
1367,2023-09-27T16:00:00.000Z,1149760,,,,,false,false,,,18.94,26.847083333333334,,,
1368,2023-09-28T16:00:00.000Z,1521097,,,,,false,false,,,4.815,27.242291666666667,,,
1369,2023-09-29T16:00:00.000Z,1471970,,,,,false,false,,,6.275,27.598958333333332,,,
1370,2023-09-30T16:00:00.000Z,1820528,,,,,false,false,,,8.205,27.955833333333334,,,
1371,2023-10-01T16:00:00.000Z,1428855,,,,,false,false,,,11.695,27.505416666666665,,,
1372,2023-10-02T16:00:00.000Z,1444815,,,,,false,false,,,9.6,27.574375,,,
1373,2023-10-03T16:00:00.000Z,1014477,,,,,false,false,,,7.395,27.793333333333333,,,
1374,2023-10-04T16:00:00.000Z,1159392,,,,,false,false,,,15.86,26.920208333333335,,,
1375,2023-10-05T16:00:00.000Z,1510789,,,,,false,false,,,6.095,27.031875,,,
1376,2023-10-06T16:00:00.000Z,1576785,,,,,false,false,,,5.24,27.468125,,,
1377,2023-10-07T16:00:00.000Z,1498602,,,,,false,false,,,1.005,27.86125,,,
1378,2023-10-08T16:00:00.000Z,1174430,,,,,false,false,,,4.215,27.984791666666666,,,
1379,2023-10-09T16:00:00.000Z,1462911,,,,,false,false,,,1.825,28.286041666666666,,,
1380,2023-10-10T16:00:00.000Z,1100845,,,,,false,false,,,5.265,27.67875,,,
1381,2023-10-11T16:00:00.000Z,1297831,,,,,false,false,,,3.425,27.781666666666666,,,
1382,2023-10-12T16:00:00.000Z,1470943,,,,,false,false,,,6.96,28.359791666666666,,,
1383,2023-10-13T16:00:00.000Z,1651994,,,,,false,false,,,8.16,27.827291666666667,,,
1384,2023-10-14T16:00:00.000Z,1525214,,,,,false,false,,,17.525,27.370833333333334,,,
1385,2023-10-15T16:00:00.000Z,1423622,,,,,false,false,,,29.66,26.544583333333332,,,
1386,2023-10-16T16:00:00.000Z,1304803,,,,,false,false,,,3.22,27.508541666666666,,,
1387,2023-10-17T16:00:00.000Z,1212573,,,,,false,false,,,1.825,27.897708333333334,,,
1388,2023-10-18T16:00:00.000Z,1451460,,,,,false,false,,,6.78,27.127083333333335,,,
1389,2023-10-19T16:00:00.000Z,1503388,,,,,false,false,,,15.15,27.101458333333333,,,
1390,2023-10-20T16:00:00.000Z,1664241,,,,,false,false,,,7.855,26.079166666666666,,,
1391,2023-10-21T16:00:00.000Z,1722151,,,,,false,false,,,16.265,26.760833333333334,,,
1392,2023-10-22T16:00:00.000Z,1336349,,,,,false,false,,,7.425,26.08416666666667,,,
1393,2023-10-23T16:00:00.000Z,1169670,,,,,false,false,,,8.365,26.832083333333333,,,
1394,2023-10-24T16:00:00.000Z,1187362,,,,,false,false,,,3.21,27.68145833333333,,,
1395,2023-10-25T16:00:00.000Z,1166101,,,,,false,false,,,6.31,27.695625,,,
1396,2023-10-26T16:00:00.000Z,1881320,,,,,false,false,,,11.09,26.8725,,,
1397,2023-10-27T16:00:00.000Z,1723416,,,,,false,false,,,1.445,27.628958333333333,,,
1398,2023-10-28T16:00:00.000Z,2684791,,,,,false,false,,,0.38,27.935,,,
1399,2023-10-29T16:00:00.000Z,1759774,,,,,false,false,,,0.06,28.097083333333334,,,
1400,2023-10-30T16:00:00.000Z,1768108,,,,,false,false,,,0.01,28.089583333333334,,,
1401,2023-10-31T16:00:00.000Z,1547706,,,,,false,false,,,6.685,26.60354166666667,,,
1402,2023-11-01T16:00:00.000Z,1569444,,,,,false,false,,,12.5,26.268125,,,
1403,2023-11-02T16:00:00.000Z,2175505,,,,,false,false,,,5.29,27.39875,,,
1404,2023-11-03T16:00:00.000Z,1496396,,,,,false,false,,,2.39,27.742291666666667,,,
1405,2023-11-04T16:00:00.000Z,1620233,,,,,false,false,,,4.32,27.676458333333333,,,
1406,2023-11-05T16:00:00.000Z,1333072,,,,,false,false,,,2.94,28.18166666666667,,,
1407,2023-11-06T16:00:00.000Z,1335725,,,,,false,false,,,0.07,28.080833333333334,,,
1408,2023-11-07T16:00:00.000Z,1223668,,,,,false,false,,,2.165,27.786875,,,
1409,2023-11-08T16:00:00.000Z,1309408,,,,,false,false,,,0.69,28.215,,,
1410,2023-11-09T16:00:00.000Z,1684131,,,,,false,false,,,0.275,28.347291666666667,,,
1411,2023-11-10T16:00:00.000Z,1651160,,,,,false,false,,,0.925,27.735416666666666,,,
1412,2023-11-11T16:00:00.000Z,1759628,,,,,false,false,,,0.645,28.062708333333333,,,
1413,2023-11-12T16:00:00.000Z,1351769,,,,,false,false,,,0.95,27.847083333333334,,,
1414,2023-11-13T16:00:00.000Z,1344497,,,,,false,false,,,0.57,27.86,,,
1415,2023-11-14T16:00:00.000Z,1386719,,,,,false,false,,,8.79,27.489583333333332,,,
1416,2023-11-15T16:00:00.000Z,1463114,,,,,false,false,,,0.055,27.924375,,,
1417,2023-11-16T16:00:00.000Z,1578706,,,,,false,false,,,0.02,27.941875,,,
1418,2023-11-17T16:00:00.000Z,1360551,,,,,false,false,,,0.38,27.42770833333333,,,
1419,2023-11-18T16:00:00.000Z,1654918,,,,,false,false,,,0.0,27.05875,,,
1420,2023-11-19T16:00:00.000Z,1514393,,,,,false,false,,,0.0,27.049166666666668,,,
1421,2023-11-20T16:00:00.000Z,1446834,,,,,false,false,,,0.0,27.185,,,
1422,2023-11-21T16:00:00.000Z,1177240,,,,,false,false,,,0.0,27.34958333333333,,,
1423,2023-11-22T16:00:00.000Z,1484780,,,,,false,false,,,3.245,26.707291666666666,,,
1424,2023-11-23T16:00:00.000Z,1515725,,,,,false,false,,,2.825,27.34979166666667,,,
1425,2023-11-24T16:00:00.000Z,1735603,,,,,false,false,,,3.505,27.345833333333335,,,
1426,2023-11-25T16:00:00.000Z,1669605,,,,,false,false,,,0.29,27.453125,,,
1427,2023-11-26T16:00:00.000Z,1084034,,,,,false,false,,,0.175,27.887708333333332,,,
1428,2023-11-27T16:00:00.000Z,1144979,,,,,false,false,,,0.17,27.781458333333333,,,
1429,2023-11-28T16:00:00.000Z,1397824,,,,,false,false,,,0.605,27.752083333333335,,,
1430,2023-11-29T16:00:00.000Z,1176369,,,,,false,false,,,0.055,27.884375,,,
1431,2023-11-30T16:00:00.000Z,1524289,,,,,false,false,,,0.63,27.924166666666668,,,
1432,2023-12-01T16:00:00.000Z,1709585,,,,,false,false,,,0.115,27.527916666666666,,,
1433,2023-12-02T16:00:00.000Z,1708569,,,,,false,false,,,2.27,27.37125,,,
1434,2023-12-03T16:00:00.000Z,1445175,,,,,false,false,,,0.145,27.91229166666667,,,
1435,2023-12-04T16:00:00.000Z,1234668,,,,,false,false,,,8.01,27.538958333333333,,,
1436,2023-12-05T16:00:00.000Z,1164042,,,,,false,false,,,16.46,26.796875,,,
1437,2023-12-06T16:00:00.000Z,1227555,,,,,false,false,,,0.65,27.20625,,,
1438,2023-12-07T16:00:00.000Z,1667804,,,,,false,false,,,0.645,27.677291666666665,,,
1439,2023-12-08T16:00:00.000Z,1530784,,,,,false,false,,,0.075,27.557291666666668,,,
1440,2023-12-09T16:00:00.000Z,1786500,,,,,false,false,,,0.0,27.776875,,,
1441,2023-12-10T16:00:00.000Z,1311018,,,,,false,false,,,0.395,27.479375,,,
1442,2023-12-11T16:00:00.000Z,1257328,,,,,false,false,,,0.275,27.629791666666666,,,
1443,2023-12-12T16:00:00.000Z,1167558,,,,,false,false,,,0.335,27.81,,,
1444,2023-12-13T16:00:00.000Z,1299421,,,,,false,false,,,0.99,27.343125,,,
1445,2023-12-14T16:00:00.000Z,2350018,,,,,false,false,,,6.73,26.753333333333334,,,
1446,2023-12-15T16:00:00.000Z,2535104,,,,,false,false,,,11.1,26.327083333333334,,,
1447,2023-12-16T16:00:00.000Z,2350416,,,,,false,false,,,0.13,27.172916666666666,,,
1448,2023-12-17T16:00:00.000Z,2156080,,,,,false,false,,,1.81,26.717083333333335,,,
1449,2023-12-18T16:00:00.000Z,2008948,,,,,false,false,,,1.35,27.364375,,,
1450,2023-12-19T16:00:00.000Z,2003874,,,,,false,false,,,0.995,27.487083333333334,,,
1451,2023-12-20T16:00:00.000Z,1874354,,,,,false,false,,,2.335,26.9,,,
1452,2023-12-21T16:00:00.000Z,2582534,,,,,false,false,,,10.1,25.935833333333335,,,
1453,2023-12-22T16:00:00.000Z,2441810,,,,,false,false,,,12.205,25.451875,,,
1454,2023-12-23T16:00:00.000Z,2604262,,,,,false,false,,,0.395,26.6975,,,
1455,2023-12-24T16:00:00.000Z,1661838,,,,,false,false,,,0.2,26.844583333333333,,,
1456,2023-12-25T16:00:00.000Z,2019612,,,,,false,false,,,0.735,26.59875,,,
1457,2023-12-26T16:00:00.000Z,1970758,,,,,false,false,,,3.26,26.772083333333335,,,
1458,2023-12-27T16:00:00.000Z,2001067,,,,,false,false,,,0.345,26.997083333333332,,,
1459,2023-12-28T16:00:00.000Z,2613263,,,,,false,false,,,0.07,27.087291666666665,,,
1460,2023-12-29T16:00:00.000Z,2189002,,,,,false,false,,,0.705,27.40041666666667,,,
1461,2023-12-30T16:00:00.000Z,2448774,,,,,false,false,,,2.76,26.955208333333335,,,
1462,2023-12-31T16:00:00.000Z,2088315,,,,,false,false,,,1.29,27.1825,,,
1463,2024-01-01T16:00:00.000Z,2015752,,,,,false,false,,,1.375,27.050833333333333,,,
1464,2024-01-02T16:00:00.000Z,2050142,,,,,false,false,,,0.93,27.338125,,,
1465,2024-01-03T16:00:00.000Z,2183227,,,,,false,false,,,0.145,27.18125,,,
1466,2024-01-04T16:00:00.000Z,2376801,,,,,false,false,,,0.0,27.054166666666667,,,
1467,2024-01-05T16:00:00.000Z,1445446,,,,,false,false,,,0.0,26.965833333333332,,,
1468,2024-01-06T16:00:00.000Z,1814627,,,,,false,false,,,0.0,26.81375,,,
1469,2024-01-07T16:00:00.000Z,1137262,,,,,false,false,,,0.16,26.754583333333333,,,
1470,2024-01-08T16:00:00.000Z,1321931,,,,,false,false,,,2.96,26.293541666666666,,,
1471,2024-01-09T16:00:00.000Z,1273164,,,,,false,false,,,0.36,27.680208333333333,,,
1472,2024-01-10T16:00:00.000Z,1296357,,,,,false,false,,,0.115,26.459791666666668,,,
1473,2024-01-11T16:00:00.000Z,1794713,,,,,false,false,,,0.0,25.758125,,,
1474,2024-01-12T16:00:00.000Z,1424320,,,,,false,false,,,0.0,26.091666666666665,,,
1475,2024-01-13T16:00:00.000Z,1551940,,,,,false,false,,,0.075,26.0225,,,
1476,2024-01-14T16:00:00.000Z,1236923,,,,,false,false,,,0.005,26.244791666666668,,,
1477,2024-01-15T16:00:00.000Z,1340414,,,,,false,false,,,0.0,25.747291666666666,,,
1478,2024-01-16T16:00:00.000Z,1144913,,,,,false,false,,,0.0,25.409166666666668,,,
1479,2024-01-17T16:00:00.000Z,1243166,,,,,false,false,,,0.01,25.588333333333335,,,
1480,2024-01-18T16:00:00.000Z,1413832,,,,,false,false,,,0.03,26.419791666666665,,,
1481,2024-01-19T16:00:00.000Z,1492103,,,,,false,false,,,0.265,26.383541666666666,,,
1482,2024-01-20T16:00:00.000Z,1842081,,,,,false,false,,,0.28,27.226041666666667,,,
1483,2024-01-21T16:00:00.000Z,1411302,,,,,false,false,,,0.22,26.936875,,,
1484,2024-01-22T16:00:00.000Z,1467094,,,,,false,false,,,7.775,26.889375,,,
1485,2024-01-23T16:00:00.000Z,1353306,,,,,false,false,,,0.095,26.008333333333333,,,
1486,2024-01-24T16:00:00.000Z,1416785,,,,,false,false,,,0.0,25.465625,,,
1487,2024-01-25T16:00:00.000Z,1897618,,,,,false,false,,,0.0,24.945208333333333,,,
1488,2024-01-26T16:00:00.000Z,1820771,,,,,false,false,,,0.005,24.408541666666668,,,
1489,2024-01-27T16:00:00.000Z,1600341,,,,,false,false,,,0.0,24.586041666666667,,,
1490,2024-01-28T16:00:00.000Z,1306719,,,,,false,false,,,0.0,24.948958333333334,,,
1491,2024-01-29T16:00:00.000Z,1357952,,,,,false,false,,,0.005,25.545625,,,
1492,2024-01-30T16:00:00.000Z,1460566,,,,,false,false,,,0.02,25.731875,,,
1493,2024-01-31T16:00:00.000Z,1554252,,,,,false,false,,,0.055,26.145208333333333,,,
1494,2024-02-01T16:00:00.000Z,2011959,,,,,false,false,,,0.16,26.52520833333333,,,
1495,2024-02-02T16:00:00.000Z,1582153,,,,,false,false,,,0.04,27.071041666666666,,,
1496,2024-02-03T16:00:00.000Z,1978807,,,,,false,false,,,0.025,27.688541666666666,,,
1497,2024-02-04T16:00:00.000Z,1322217,,,,,false,false,,,0.22,26.920833333333334,,,
1498,2024-02-05T16:00:00.000Z,1217433,,,,,false,false,,,0.0,27.152083333333334,,,
1499,2024-02-06T16:00:00.000Z,1267154,,,,,false,false,,,0.0,27.207708333333333,,,
1500,2024-02-07T16:00:00.000Z,1123772,,,,,false,false,,,0.0,27.411666666666665,,,
1501,2024-02-08T16:00:00.000Z,1478523,,,,,false,false,,,0.29,27.378541666666667,,,
1502,2024-02-09T16:00:00.000Z,1495056,,,,,false,false,,,0.21,27.053125,,,
1503,2024-02-10T16:00:00.000Z,1927708,,,,,false,false,,,0.0,26.276041666666668,,,
1504,2024-02-11T16:00:00.000Z,1465493,,,,,false,false,,,0.005,25.303958333333334,,,
1505,2024-02-12T16:00:00.000Z,1372137,,,,,false,false,,,0.0,25.969583333333333,,,
1506,2024-02-13T16:00:00.000Z,1122115,,,,,false,false,,,0.04,26.985833333333332,,,
1507,2024-02-14T16:00:00.000Z,1558242,,,,,false,false,,,0.04,27.4,,,
1508,2024-02-15T16:00:00.000Z,1583681,,,,,false,false,,,0.26,27.251666666666665,,,
1509,2024-02-16T16:00:00.000Z,1271131,,,,,false,false,,,0.015,27.01375,,,
1510,2024-02-17T16:00:00.000Z,1629110,,,,,false,false,,,0.0,27.436666666666667,,,
1511,2024-02-18T16:00:00.000Z,1102362,,,,,false,false,,,0.0,27.585833333333333,,,
1512,2024-02-19T16:00:00.000Z,1395403,,,,,false,false,,,0.055,27.681041666666665,,,
1513,2024-02-20T16:00:00.000Z,1449848,,,,,false,false,,,0.005,27.529166666666665,,,
1514,2024-02-21T16:00:00.000Z,1391875,,,,,false,false,,,0.0,27.79083333333333,,,
1515,2024-02-22T16:00:00.000Z,1795482,,,,,false,false,,,0.125,27.438333333333333,,,
1516,2024-02-23T16:00:00.000Z,1550814,,,,,false,false,,,0.015,27.905,,,
1517,2024-02-24T16:00:00.000Z,1522845,,,,,false,false,,,0.405,27.503541666666667,,,
1518,2024-02-25T16:00:00.000Z,1220478,,,,,false,false,,,0.0,27.143125,,,
1519,2024-02-26T16:00:00.000Z,1295860,,,,,false,false,,,0.02,26.812291666666667,,,
1520,2024-02-27T16:00:00.000Z,1408367,,,,,false,false,,,0.0,26.606458333333332,,,
1521,2024-02-28T16:00:00.000Z,1414085,,,,,false,false,,,0.025,26.919791666666665,,,
1522,2024-02-29T16:00:00.000Z,1688621,,,,,false,false,,,0.02,27.4725,,,
1523,2024-03-01T16:00:00.000Z,1447056,,,,,false,false,,,0.005,27.0725,,,
1524,2024-03-02T16:00:00.000Z,1597737,,,,,false,false,,,0.025,27.093333333333334,,,
1525,2024-03-03T16:00:00.000Z,1276848,,,,,false,false,,,0.69,26.838958333333334,,,
1526,2024-03-04T16:00:00.000Z,1473703,,,,,false,false,,,0.06,28.480208333333334,,,
1527,2024-03-05T16:00:00.000Z,1376407,,,,,false,false,,,0.0,28.045833333333334,,,
1528,2024-03-06T16:00:00.000Z,1521695,,,,,false,false,,,0.0,28.075208333333332,,,
1529,2024-03-07T16:00:00.000Z,1917174,,,,,false,false,,,0.535,27.825416666666666,,,
1530,2024-03-08T16:00:00.000Z,1574445,,,,,false,false,,,0.405,27.373333333333335,,,
1531,2024-03-09T16:00:00.000Z,1719941,,,,,false,false,,,0.0,27.568958333333335,,,
1532,2024-03-10T16:00:00.000Z,1529454,,,,,false,false,,,0.29,27.911666666666665,,,
1533,2024-03-11T16:00:00.000Z,1185765,,,,,false,false,,,2.72,28.15,,,
1534,2024-03-12T16:00:00.000Z,1227153,,,,,false,false,,,0.29,27.63,,,
1535,2024-03-13T16:00:00.000Z,1203349,,,,,false,false,,,0.475,27.612708333333334,,,
1536,2024-03-14T16:00:00.000Z,1766295,,,,,false,false,,,1.155,27.000208333333333,,,
1537,2024-03-15T16:00:00.000Z,1724263,,,,,false,false,,,0.39,28.027916666666666,,,
1538,2024-03-16T16:00:00.000Z,1732203,,,,,false,false,,,0.77,27.811458333333334,,,
1539,2024-03-17T16:00:00.000Z,1147224,,,,,false,false,,,0.045,27.856666666666666,,,
1540,2024-03-18T16:00:00.000Z,1184845,,,,,false,false,,,2.335,27.576875,,,
1541,2024-03-19T16:00:00.000Z,1167602,,,,,false,false,,,2.73,27.524166666666666,,,
1542,2024-03-20T16:00:00.000Z,1358471,,,,,false,false,,,0.475,26.520416666666666,,,
1543,2024-03-21T16:00:00.000Z,1575981,,,,,false,false,,,0.295,26.917291666666667,,,
1544,2024-03-22T16:00:00.000Z,1472628,,,,,false,false,,,3.205,27.703125,,,
1545,2024-03-23T16:00:00.000Z,2920082,,,,,false,false,,,0.025,28.642916666666668,,,
1546,2024-03-24T16:00:00.000Z,2042284,,,,,false,false,,,0.0,28.757708333333333,,,
1547,2024-03-25T16:00:00.000Z,1877922,,,,,false,false,,,0.865,28.7125,,,
1548,2024-03-26T16:00:00.000Z,2245447,,,,,false,false,,,2.91,28.730416666666667,,,
1549,2024-03-27T16:00:00.000Z,1805689,,,,,false,false,,,1.135,29.3975,,,
1550,2024-03-28T16:00:00.000Z,2764895,,,,,false,false,,,1.45,29.533958333333334,,,
1551,2024-03-29T16:00:00.000Z,2481421,,,,,false,false,,,0.0,29.570625,,,
1552,2024-03-30T16:00:00.000Z,2427023,,,,,false,false,,,0.0,29.067083333333333,,,
1553,2024-03-31T16:00:00.000Z,1737849,,,,,false,false,,,0.0,29.743541666666665,,,
1554,2024-04-01T16:00:00.000Z,1379028,,,,,false,false,,,0.0,29.724166666666665,,,
1555,2024-04-02T16:00:00.000Z,1507097,,,,,false,false,,,0.0,29.262291666666666,,,
1556,2024-04-03T16:00:00.000Z,1414819,,,,,false,false,,,0.885,29.298333333333332,,,
1557,2024-04-04T16:00:00.000Z,1959053,,,,,false,false,,,0.17,29.424791666666668,,,
1558,2024-04-05T16:00:00.000Z,1684784,,,,,false,false,,,0.925,29.074791666666666,,,
1559,2024-04-06T16:00:00.000Z,1820989,,,,,false,false,,,0.365,29.632916666666667,,,
1560,2024-04-07T16:00:00.000Z,1542560,,,,,false,false,,,0.025,29.784791666666667,,,
1561,2024-04-08T16:00:00.000Z,1531469,,,,,false,false,,,0.015,29.81833333333333,,,
1562,2024-04-09T16:00:00.000Z,1572711,,,,,false,false,,,0.25,29.866458333333334,,,
1563,2024-04-10T16:00:00.000Z,1491056,,,,,false,false,,,0.005,30.093541666666667,,,
1564,2024-04-11T16:00:00.000Z,1776996,,,,,false,false,,,0.005,30.254791666666666,,,
1565,2024-04-12T16:00:00.000Z,1652482,,,,,false,false,,,0.005,29.870625,,,
1566,2024-04-13T16:00:00.000Z,1958662,,,,,false,false,,,0.295,30.285416666666666,,,
1567,2024-04-14T16:00:00.000Z,1410458,,,,,false,false,,,0.015,30.74875,,,
1568,2024-04-15T16:00:00.000Z,1346942,,,,,false,false,,,0.005,30.576041666666665,,,
1569,2024-04-16T16:00:00.000Z,1408896,,,,,false,false,,,0.0,30.344166666666666,,,
1570,2024-04-17T16:00:00.000Z,1416013,,,,,false,false,,,0.0,30.4675,,,
1571,2024-04-18T16:00:00.000Z,1988403,,,,,false,false,,,0.005,30.963125,,,
1572,2024-04-19T16:00:00.000Z,1652417,,,,,false,false,,,0.0,30.59,,,
1573,2024-04-20T16:00:00.000Z,1837173,,,,,false,false,,,0.0,30.775625,,,
1574,2024-04-21T16:00:00.000Z,1444834,,,,,false,false,,,0.075,30.938958333333332,,,
1575,2024-04-22T16:00:00.000Z,1551517,,,,,false,false,,,1.265,30.750208333333333,,,
1576,2024-04-23T16:00:00.000Z,1393787,,,,,false,false,,,6.71,30.35375,,,
1577,2024-04-24T16:00:00.000Z,1418053,,,,,false,false,,,0.95,30.768541666666668,,,
1578,2024-04-25T16:00:00.000Z,1771455,,,,,false,false,,,0.225,31.309166666666666,,,
1579,2024-04-26T16:00:00.000Z,1626875,,,,,false,false,,,0.295,31.642083333333332,,,
1580,2024-04-27T16:00:00.000Z,1964339,,,,,false,false,,,1.79,32.06875,,,
1581,2024-04-28T16:00:00.000Z,1339184,,,,,false,false,,,0.14,32.04270833333333,,,
1582,2024-04-29T16:00:00.000Z,1449471,,,,,false,false,,,0.0,31.84375,,,
1583,2024-04-30T16:00:00.000Z,1495866,,,,,false,false,,,2.05,31.463541666666668,,,
1584,2024-05-01T16:00:00.000Z,1398542,,,,,false,false,,,0.0,31.27,,,
1585,2024-05-02T16:00:00.000Z,1954266,,,,,false,false,,,0.06,31.039375,,,
1586,2024-05-03T16:00:00.000Z,1704042,,,,,false,false,,,0.29,31.112916666666667,,,
1587,2024-05-04T16:00:00.000Z,1990205,,,,,false,false,,,0.17,31.256458333333335,,,
1588,2024-05-05T16:00:00.000Z,1436075,,,,,false,false,,,0.17,31.486666666666668,,,
1589,2024-05-06T16:00:00.000Z,1395949,,,,,false,false,,,0.05,31.76625,,,
1590,2024-05-07T16:00:00.000Z,1520403,,,,,false,false,,,0.9,31.035625,,,
1591,2024-05-08T16:00:00.000Z,1411961,,,,,false,false,,,1.15,31.453958333333333,,,
1592,2024-05-09T16:00:00.000Z,1914791,,,,,false,false,,,1.93,30.343125,,,
1593,2024-05-10T16:00:00.000Z,1834923,,,,,false,false,,,1.83,29.95,,,
1594,2024-05-11T16:00:00.000Z,1860164,,,,,false,false,,,0.385,31.283541666666668,,,
1595,2024-05-12T16:00:00.000Z,1458600,,,,,false,false,,,11.595,30.240625,,,
1596,2024-05-13T16:00:00.000Z,1458787,,,,,false,false,,,2.415,28.972083333333334,,,
1597,2024-05-14T16:00:00.000Z,1444151,,,,,false,false,,,3.61,29.922291666666666,,,
1598,2024-05-15T16:00:00.000Z,1538323,,,,,false,false,,,3.54,29.203541666666666,,,
1599,2024-05-16T16:00:00.000Z,1867755,,,,,false,false,,,5.455,28.896875,,,
1600,2024-05-17T16:00:00.000Z,1797588,,,,,false,false,,,4.055,28.783125,,,
1601,2024-05-18T16:00:00.000Z,1794447,,,,,false,false,,,7.705,28.94729166666667,,,
1602,2024-05-19T16:00:00.000Z,1447482,,,,,false,false,,,2.875,29.709583333333335,,,
1603,2024-05-20T16:00:00.000Z,1389375,,,,,false,false,,,5.355,29.914791666666666,,,
1604,2024-05-21T16:00:00.000Z,1421121,,,,,false,false,,,0.435,30.421458333333334,,,
1605,2024-05-22T16:00:00.000Z,1391723,,,,,false,false,,,0.21,31.032291666666666,,,
1606,2024-05-23T16:00:00.000Z,1898121,,,,,false,false,,,5.02,30.507291666666667,,,
1607,2024-05-24T16:00:00.000Z,1800765,,,,,false,false,,,9.385,29.22458333333333,,,
1608,2024-05-25T16:00:00.000Z,2022876,,,,,false,false,,,58.64,26.665416666666665,,,
1609,2024-05-26T16:00:00.000Z,1559164,,,,,false,false,,,11.76,28.505,,,
1610,2024-05-27T16:00:00.000Z,1352711,,,,,false,false,,,12.1,28.592291666666668,,,
1611,2024-05-28T16:00:00.000Z,1564261,,,,,false,false,,,24.53,28.21875,,,
1612,2024-05-29T16:00:00.000Z,1404012,,,,,false,false,,,0.79,29.470208333333332,,,
1613,2024-05-30T16:00:00.000Z,1936604,,,,,false,false,,,1.52,30.443125,,,
1614,2024-05-31T16:00:00.000Z,1731434,,,,,false,false,,,1.13,30.44354166666667,,,
1615,2024-06-01T16:00:00.000Z,1673900,,,,,false,false,,,6.605,29.734166666666667,,,
1616,2024-06-02T16:00:00.000Z,1135587,,,,,false,false,,,5.94,28.940416666666668,,,
1617,2024-06-03T16:00:00.000Z,1247797,,,,,false,false,,,3.58,28.748541666666668,,,
1618,2024-06-04T16:00:00.000Z,1348438,,,,,false,false,,,23.595,27.721041666666668,,,
1619,2024-06-05T16:00:00.000Z,1332780,,,,,false,false,,,14.45,27.668541666666666,,,
1620,2024-06-06T16:00:00.000Z,1644340,,,,,false,false,,,19.73,27.638125,,,
1621,2024-06-07T16:00:00.000Z,1727451,,,,,false,false,,,7.56,27.690208333333334,,,
1622,2024-06-08T16:00:00.000Z,1816068,,,,,false,false,,,7.865,28.413541666666667,,,
1623,2024-06-09T16:00:00.000Z,1290333,,,,,false,false,,,4.08,29.005208333333332,,,
1624,2024-06-10T16:00:00.000Z,1095883,,,,,false,false,,,2.505,29.094166666666666,,,
1625,2024-06-11T16:00:00.000Z,1420202,,,,,false,false,,,5.635,29.590208333333333,,,
1626,2024-06-12T16:00:00.000Z,1257348,,,,,false,false,,,2.935,29.316875,,,
1627,2024-06-13T16:00:00.000Z,1998731,,,,,false,false,,,7.275,29.17625,,,
1628,2024-06-14T16:00:00.000Z,1398854,,,,,false,false,,,6.685,28.812083333333334,,,
1629,2024-06-15T16:00:00.000Z,1775700,,,,,false,false,,,9.915,28.422708333333333,,,
1630,2024-06-16T16:00:00.000Z,1418437,,,,,false,false,,,14.545,27.922708333333333,,,
1631,2024-06-17T16:00:00.000Z,1460926,,,,,false,false,,,9.615,27.990833333333335,,,
1632,2024-06-18T16:00:00.000Z,1417076,,,,,false,false,,,14.13,28.175625,,,
1633,2024-06-19T16:00:00.000Z,1232008,,,,,false,false,,,17.495,27.893958333333334,,,
1634,2024-06-20T16:00:00.000Z,1749959,,,,,false,false,,,26.745,27.575416666666666,,,
1635,2024-06-21T16:00:00.000Z,1738734,,,,,false,false,,,6.43,27.724375,,,
1636,2024-06-22T16:00:00.000Z,1888776,,,,,false,false,,,11.955,27.793333333333333,,,
1637,2024-06-23T16:00:00.000Z,1555880,,,,,false,false,,,18.47,27.672291666666666,,,
1638,2024-06-24T16:00:00.000Z,1059437,,,,,false,false,,,6.28,28.296041666666667,,,
1639,2024-06-25T16:00:00.000Z,1299642,,,,,false,false,,,4.315,28.2825,,,
1640,2024-06-26T16:00:00.000Z,1309766,,,,,false,false,,,9.885,28.319166666666668,,,
1641,2024-06-27T16:00:00.000Z,2083127,,,,,false,false,,,2.965,28.707708333333333,,,
1642,2024-06-28T16:00:00.000Z,1523937,,,,,false,false,,,11.325,29.009166666666665,,,
1643,2024-06-29T16:00:00.000Z,1769782,,,,,false,false,,,38.93,28.017083333333332,,,
1644,2024-06-30T16:00:00.000Z,1091194,,,,,false,false,,,8.24,27.941458333333333,,,
1645,2024-07-01T16:00:00.000Z,1188077,,,,,false,false,,,19.42,27.777291666666667,,,
1646,2024-07-02T16:00:00.000Z,1389071,,,,,false,false,,,7.385,28.354375,,,
1647,2024-07-03T16:00:00.000Z,1242632,,,,,false,false,,,10.255,28.151875,,,
1648,2024-07-04T16:00:00.000Z,1855701,,,,,false,false,,,26.675,27.002291666666668,,,
1649,2024-07-05T16:00:00.000Z,1386555,,,,,false,false,,,9.815,27.491666666666667,,,
1650,2024-07-06T16:00:00.000Z,1742833,,,,,false,false,,,10.3,27.641041666666666,,,
1651,2024-07-07T16:00:00.000Z,1500121,,,,,false,false,,,13.005,27.279791666666668,,,
1652,2024-07-08T16:00:00.000Z,1293823,,,,,false,false,,,26.28,27.334791666666668,,,
1653,2024-07-09T16:00:00.000Z,1187795,,,,,false,false,,,8.575,27.628958333333333,,,
1654,2024-07-10T16:00:00.000Z,1160443,,,,,false,false,,,12.86,27.563958333333332,,,
1655,2024-07-11T16:00:00.000Z,1681663,,,,,false,false,,,15.265,27.499583333333334,,,
1656,2024-07-12T16:00:00.000Z,1664306,,,,,false,false,,,10.055,27.425625,,,
1657,2024-07-13T16:00:00.000Z,1865584,,,,,false,false,,,19.58,27.465833333333332,,,
1658,2024-07-14T16:00:00.000Z,1065245,,,,,false,false,,,15.76,27.067916666666665,,,
1659,2024-07-15T16:00:00.000Z,1209172,,,,,false,false,,,6.13,27.579791666666665,,,
1660,2024-07-16T16:00:00.000Z,1435156,,,,,false,false,,,15.77,27.456041666666668,,,
1661,2024-07-17T16:00:00.000Z,1309259,,,,,false,false,,,11.4,27.696458333333332,,,
1662,2024-07-18T16:00:00.000Z,1776053,,,,,false,false,,,15.93,27.395208333333333,,,
1663,2024-07-19T16:00:00.000Z,1453369,,,,,false,false,,,6.89,27.65,,,
1664,2024-07-20T16:00:00.000Z,1502988,,,,,false,false,,,15.335,27.764166666666668,,,
1665,2024-07-21T16:00:00.000Z,1191667,,,,,false,false,,,57.25,26.685416666666665,,,
1666,2024-07-22T16:00:00.000Z,1250260,,,,,false,false,,,122.415,26.179791666666667,,,
1667,2024-07-23T16:00:00.000Z,1102908,,,,,false,false,,,46.085,26.273333333333333,,,
1668,2024-07-24T16:00:00.000Z,1242116,,,,,false,false,,,22.575,27.016041666666666,,,
1669,2024-07-25T16:00:00.000Z,1555728,,,,,false,false,,,7.45,27.923541666666665,,,
1670,2024-07-26T16:00:00.000Z,1730768,,,,,false,false,,,8.28,28.229375,,,
1671,2024-07-27T16:00:00.000Z,1504665,,,,,false,false,,,31.885,26.708541666666665,,,
1672,2024-07-28T16:00:00.000Z,1487893,,,,,false,false,,,10.605,27.216666666666665,,,
1673,2024-07-29T16:00:00.000Z,1265394,,,,,false,false,,,5.575,27.849375,,,
1674,2024-07-30T16:00:00.000Z,1347053,,,,,false,false,,,5.42,27.652083333333334,,,
1675,2024-07-31T16:00:00.000Z,1080465,,,,,false,false,,,17.405,27.341041666666666,,,
1676,2024-08-01T16:00:00.000Z,1682973,,,,,false,false,,,14.25,27.044166666666666,,,
1677,2024-08-02T16:00:00.000Z,1372824,,,,,false,false,,,10.53,27.006666666666668,,,
1678,2024-08-03T16:00:00.000Z,1593530,,,,,false,false,,,6.335,27.230208333333334,,,
1679,2024-08-04T16:00:00.000Z,1138582,,,,,false,false,,,18.245,27.311875,,,
1680,2024-08-05T16:00:00.000Z,1187557,,,,,false,false,,,12.035,27.336458333333333,,,
1681,2024-08-06T16:00:00.000Z,1114374,,,,,false,false,,,4.775,28.133125,,,
1682,2024-08-07T16:00:00.000Z,1097637,,,,,false,false,,,14.74,27.800833333333333,,,
1683,2024-08-08T16:00:00.000Z,1613806,,,,,false,false,,,3.365,27.984166666666667,,,
1684,2024-08-09T16:00:00.000Z,1443000,,,,,false,false,,,11.12,27.422083333333333,,,
1685,2024-08-10T16:00:00.000Z,1544653,,,,,false,false,,,3.5,28.03125,,,
1686,2024-08-11T16:00:00.000Z,1335365,,,,,false,false,,,2.01,28.4325,,,
1687,2024-08-12T16:00:00.000Z,1129845,,,,,false,false,,,2.02,28.888958333333335,,,
1688,2024-08-13T16:00:00.000Z,1167436,,,,,false,false,,,11.09,28.568958333333335,,,
1689,2024-08-14T16:00:00.000Z,1149460,,,,,false,false,,,4.46,28.496875,,,
1690,2024-08-15T16:00:00.000Z,1568867,,,,,false,false,,,2.47,28.466041666666666,,,
1691,2024-08-16T16:00:00.000Z,1476086,,,,,false,false,,,1.135,28.725416666666668,,,
1692,2024-08-17T16:00:00.000Z,1662808,,,,,false,false,,,1.815,29.0475,,,
1693,2024-08-18T16:00:00.000Z,1159523,,,,,false,false,,,15.055,28.31854166666667,,,
1694,2024-08-19T16:00:00.000Z,1217408,,,,,false,false,,,11.195,28.163958333333333,,,
1695,2024-08-20T16:00:00.000Z,1056954,,,,,false,false,,,5.5,28.456666666666667,,,
1696,2024-08-21T16:00:00.000Z,1155218,,,,,false,false,,,6.115,28.753958333333333,,,
1697,2024-08-22T16:00:00.000Z,1494596,,,,,false,false,,,13.3,27.824791666666666,,,
1698,2024-08-23T16:00:00.000Z,1477415,,,,,false,false,,,13.505,27.159375,,,
1699,2024-08-24T16:00:00.000Z,1613147,,,,,false,false,,,13.515,27.34125,,,
1700,2024-08-25T16:00:00.000Z,1159821,,,,,false,false,,,12.095,26.988541666666666,,,
1701,2024-08-26T16:00:00.000Z,1157420,,,,,false,false,,,19.675,27.019375,,,
1702,2024-08-27T16:00:00.000Z,1217091,,,,,false,false,,,38.045,26.355833333333333,,,
1703,2024-08-28T16:00:00.000Z,1113738,,,,,false,false,,,18.1,27.07125,,,
1704,2024-08-29T16:00:00.000Z,1693515,,,,,false,false,,,10.68,27.565416666666668,,,
1705,2024-08-30T16:00:00.000Z,1424003,,,,,false,false,,,6.715,28.277916666666666,,,
1706,2024-08-31T16:00:00.000Z,1590238,,,,,false,false,,,17.885,27.671875,,,
1707,2024-09-01T16:00:00.000Z,1315832,,,,,false,false,,,57.57,25.465625,,,
1708,2024-09-02T16:00:00.000Z,1195276,,,,,false,false,,,17.09,26.881458333333335,,,
1709,2024-09-03T16:00:00.000Z,1097492,,,,,false,false,,,40.585,26.676458333333333,,,
1710,2024-09-04T16:00:00.000Z,1150408,,,,,false,false,,,32.08,26.873958333333334,,,
1711,2024-09-05T16:00:00.000Z,1941734,,,,,false,false,,,13.07,27.206458333333334,,,
1712,2024-09-06T16:00:00.000Z,1472420,,,,,false,false,,,0.52,27.970208333333332,,,
1713,2024-09-07T16:00:00.000Z,1730095,,,,,false,false,,,0.645,28.482083333333332,,,
1714,2024-09-08T16:00:00.000Z,1175098,,,,,false,false,,,11.84,27.632291666666667,,,
1715,2024-09-09T16:00:00.000Z,1238469,,,,,false,false,,,5.085,27.847916666666666,,,
1716,2024-09-10T16:00:00.000Z,1042558,,,,,false,false,,,14.015,27.60375,,,
1717,2024-09-11T16:00:00.000Z,1294505,,,,,false,false,,,24.025,26.910208333333333,,,
1718,2024-09-12T16:00:00.000Z,1893630,,,,,false,false,,,24.875,26.279166666666665,,,
1719,2024-09-13T16:00:00.000Z,1575331,,,,,false,false,,,12.79,26.367708333333333,,,
1720,2024-09-14T16:00:00.000Z,1988224,,,,,false,false,,,5.46,26.920833333333334,,,
1721,2024-09-15T16:00:00.000Z,1389140,,,,,false,false,,,2.755,27.127708333333334,,,
1722,2024-09-16T16:00:00.000Z,1123737,,,,,false,false,,,2.02,26.974375,,,
1723,2024-09-17T16:00:00.000Z,1377403,,,,,false,false,,,36.43,26.219166666666666,,,
1724,2024-09-18T16:00:00.000Z,1263240,,,,,false,false,,,27.985,27.031666666666666,,,
1725,2024-09-19T16:00:00.000Z,1568641,,,,,false,false,,,18.26,27.023541666666667,,,
1726,2024-09-20T16:00:00.000Z,1637681,,,,,false,false,,,20.305,26.115,,,
1727,2024-09-21T16:00:00.000Z,1669617,,,,,false,false,,,7.44,26.41375,,,
1728,2024-09-22T16:00:00.000Z,1368932,,,,,false,false,,,3.33,27.685,,,
1729,2024-09-23T16:00:00.000Z,1120547,,,,,false,false,,,7.39,27.94354166666667,,,
1730,2024-09-24T16:00:00.000Z,1554997,,,,,false,false,,,0.705,28.512916666666666,,,
1731,2024-09-25T16:00:00.000Z,1157885,,,,,false,false,,,3.935,28.396875,,,
1732,2024-09-26T16:00:00.000Z,1746407,,,,,false,false,,,1.23,28.189583333333335,,,
1733,2024-09-27T16:00:00.000Z,1495232,,,,,false,false,,,0.625,28.277708333333333,,,
1734,2024-09-28T16:00:00.000Z,1719441,,,,,false,false,,,4.46,27.838333333333335,,,
1735,2024-09-29T16:00:00.000Z,1150765,,,,,false,false,,,3.585,27.402291666666667,,,
1736,2024-09-30T16:00:00.000Z,1354350,,,,,false,false,,,2.335,27.948125,,,
1737,2024-10-01T16:00:00.000Z,1088559,,,,,false,false,,,0.205,28.406041666666667,,,
1738,2024-10-02T16:00:00.000Z,1150365,,,,,false,false,,,1.5,28.171666666666667,,,
1739,2024-10-03T16:00:00.000Z,1788944,,,,,false,false,,,16.205,27.61916666666667,,,
1740,2024-10-04T16:00:00.000Z,1371612,,,,,false,false,,,21.54,27.215208333333333,,,
1741,2024-10-05T16:00:00.000Z,1510556,,,,,false,false,,,12.86,26.858333333333334,,,
1742,2024-10-06T16:00:00.000Z,1496883,,,,,false,false,,,10.305,26.644791666666666,,,
1743,2024-10-07T16:00:00.000Z,1305868,,,,,false,false,,,15.695,27.393958333333334,,,
1744,2024-10-08T16:00:00.000Z,1211985,,,,,false,false,,,7.175,27.196458333333332,,,
1745,2024-10-09T16:00:00.000Z,1100259,,,,,false,false,,,13.645,27.008333333333333,,,
1746,2024-10-10T16:00:00.000Z,1656673,,,,,false,false,,,9.32,26.916666666666668,,,
1747,2024-10-11T16:00:00.000Z,1423646,,,,,false,false,,,19.73,26.65020833333333,,,
1748,2024-10-12T16:00:00.000Z,1639838,,,,,false,false,,,3.865,27.590416666666666,,,
1749,2024-10-13T16:00:00.000Z,1105173,,,,,false,false,,,4.665,27.571875,,,
1750,2024-10-14T16:00:00.000Z,1290241,,,,,false,false,,,9.01,27.514166666666668,,,
1751,2024-10-15T16:00:00.000Z,1203232,,,,,false,false,,,0.43,27.884375,,,
1752,2024-10-16T16:00:00.000Z,1116812,,,,,false,false,,,0.235,28.292083333333334,,,
1753,2024-10-17T16:00:00.000Z,1568777,,,,,false,false,,,1.1,28.205416666666668,,,
1754,2024-10-18T16:00:00.000Z,1693450,,,,,false,false,,,8.59,28.075625,,,
1755,2024-10-19T16:00:00.000Z,1653791,,,,,false,false,,,13.375,27.553958333333334,,,
1756,2024-10-20T16:00:00.000Z,1272226,,,,,false,false,,,1.27,28.123541666666668,,,
1757,2024-10-21T16:00:00.000Z,1153675,,,,,false,false,,,4.025,27.683333333333334,,,
1758,2024-10-22T16:00:00.000Z,1325372,,,,,false,false,,,66.525,25.934583333333332,,,
1759,2024-10-23T16:00:00.000Z,1107957,,,,,false,false,,,80.46,26.609791666666666,,,
1760,2024-10-24T16:00:00.000Z,1957244,,,,,false,false,,,20.88,27.247708333333332,,,
1761,2024-10-25T16:00:00.000Z,1526245,,,,,false,false,,,3.465,27.329375,,,
1762,2024-10-26T16:00:00.000Z,1736962,,,,,false,false,,,4.275,26.649166666666666,,,
1763,2024-10-27T16:00:00.000Z,1257430,,,,,false,false,,,0.21,27.191041666666667,,,
1764,2024-10-28T16:00:00.000Z,2036873,,,,,false,false,,,0.55,27.41875,,,
1765,2024-10-29T16:00:00.000Z,1708387,,,,,false,false,,,3.615,27.419375,,,
1766,2024-10-30T16:00:00.000Z,2098771,,,,,false,false,,,7.085,27.0975,,,
1767,2024-10-31T16:00:00.000Z,2038397,,,,,false,false,,,6.705,27.182291666666668,,,
1768,2024-11-01T16:00:00.000Z,2257407,,,,,false,false,,,0.42,27.679375,,,
1769,2024-11-02T16:00:00.000Z,2681091,,,,,false,false,,,0.585,27.817291666666666,,,
1770,2024-11-03T16:00:00.000Z,1201846,,,,,false,false,,,0.68,27.5125,,,
1771,2024-11-04T16:00:00.000Z,1340517,,,,,false,false,,,11.15,27.198541666666667,,,
1772,2024-11-05T16:00:00.000Z,1093804,,,,,false,false,,,4.625,26.664166666666667,,,
1773,2024-11-06T16:00:00.000Z,1406631,,,,,false,false,,,3.72,26.989375,,,
1774,2024-11-07T16:00:00.000Z,1525511,,,,,false,false,,,7.745,27.23625,,,
1775,2024-11-08T16:00:00.000Z,1681618,,,,,false,false,,,0.425,27.418125,,,
1776,2024-11-09T16:00:00.000Z,1900353,,,,,false,false,,,2.98,27.737083333333334,,,
1777,2024-11-10T16:00:00.000Z,1124324,,,,,false,false,,,3.8,27.20916666666667,,,
1778,2024-11-11T16:00:00.000Z,1326900,,,,,false,false,,,2.24,27.75,,,
1779,2024-11-12T16:00:00.000Z,1272663,,,,,false,false,,,6.05,27.536041666666666,,,
1780,2024-11-13T16:00:00.000Z,1348575,,,,,false,false,,,1.215,27.919166666666666,,,
1781,2024-11-14T16:00:00.000Z,1515304,,,,,false,false,,,0.03,28.580416666666668,,,
1782,2024-11-15T16:00:00.000Z,1657521,,,,,false,false,,,0.39,28.72458333333333,,,
1783,2024-11-16T16:00:00.000Z,1865736,,,,,false,false,,,19.635,27.022916666666667,,,
1784,2024-11-17T16:00:00.000Z,1180415,,,,,false,false,,,2.06,27.755,,,
1785,2024-11-18T16:00:00.000Z,1119262,,,,,false,false,,,0.06,27.682708333333334,,,
1786,2024-11-19T16:00:00.000Z,1238680,,,,,false,false,,,0.025,27.778958333333332,,,
1787,2024-11-20T16:00:00.000Z,1283964,,,,,false,false,,,0.02,27.659166666666668,,,
1788,2024-11-21T16:00:00.000Z,1510819,,,,,false,false,,,0.01,27.518541666666668,,,
1789,2024-11-22T16:00:00.000Z,1325767,,,,,false,false,,,0.0,27.700416666666666,,,
1790,2024-11-23T16:00:00.000Z,1474416,,,,,false,false,,,0.0,27.799166666666668,,,
1791,2024-11-24T16:00:00.000Z,1298421,,,,,false,false,,,0.945,27.64,,,
1792,2024-11-25T16:00:00.000Z,1271065,,,,,false,false,,,0.075,28.080833333333334,,,
1793,2024-11-26T16:00:00.000Z,1307955,,,,,false,false,,,0.0,28.154791666666668,,,
1794,2024-11-27T16:00:00.000Z,1472957,,,,,false,false,,,0.055,28.215625,,,
1795,2024-11-28T16:00:00.000Z,1468620,,,,,false,false,,,2.49,27.0425,,,
1796,2024-11-29T16:00:00.000Z,1573386,,,,,false,false,,,2.595,26.94333333333333,,,
1797,2024-11-30T16:00:00.000Z,2004102,,,,,false,false,,,25.54,25.245625,,,
1798,2024-12-01T16:00:00.000Z,1181554,,,,,false,false,,,36.82,25.639583333333334,,,
1799,2024-12-02T16:00:00.000Z,1072919,,,,,false,false,,,9.475,26.437083333333334,,,
1800,2024-12-03T16:00:00.000Z,1364938,,,,,false,false,,,7.635,26.910833333333333,,,
1801,2024-12-04T16:00:00.000Z,1436513,,,,,false,false,,,5.755,27.305625,,,
1802,2024-12-05T16:00:00.000Z,1526264,,,,,false,false,,,0.255,27.828541666666666,,,
1803,2024-12-06T16:00:00.000Z,1707807,,,,,false,false,,,3.63,27.623125,,,
1804,2024-12-07T16:00:00.000Z,1730751,,,,,false,false,,,1.8,27.4225,,,
1805,2024-12-08T16:00:00.000Z,1357212,,,,,false,false,,,2.95,26.8775,,,
1806,2024-12-09T16:00:00.000Z,1362813,,,,,false,false,,,7.8,26.25875,,,
1807,2024-12-10T16:00:00.000Z,1535519,,,,,false,false,,,33.2,26.413125,,,
1808,2024-12-11T16:00:00.000Z,1391704,,,,,false,false,,,0.16,27.201875,,,
1809,2024-12-12T16:00:00.000Z,1481631,,,,,false,false,,,0.29,27.347916666666666,,,
1810,2024-12-13T16:00:00.000Z,1538591,,,,,false,false,,,0.58,27.250833333333333,,,
1811,2024-12-14T16:00:00.000Z,2759496,,,,,false,false,,,0.11,26.888333333333332,,,
1812,2024-12-15T16:00:00.000Z,1878975,,,,,false,false,,,0.9,26.423333333333332,,,
1813,2024-12-16T16:00:00.000Z,1781544,,,,,false,false,,,8.895,26.04375,,,
1814,2024-12-17T16:00:00.000Z,1977599,,,,,false,false,,,3.825,26.205,,,
1815,2024-12-18T16:00:00.000Z,1703038,,,,,false,false,,,0.525,26.501041666666666,,,
1816,2024-12-19T16:00:00.000Z,2583831,,,,,false,false,,,0.105,26.333125,,,
1817,2024-12-20T16:00:00.000Z,2387447,,,,,false,false,,,5.415,25.806875,,,
1818,2024-12-21T16:00:00.000Z,2315419,,,,,false,false,,,0.23,26.263541666666665,,,
1819,2024-12-22T16:00:00.000Z,2053931,,,,,false,false,,,0.055,26.100833333333334,,,
1820,2024-12-23T16:00:00.000Z,1931346,,,,,false,false,,,40.665,25.659375,,,
1821,2024-12-24T16:00:00.000Z,1774584,,,,,false,false,,,20.895,24.789375,,,
1822,2024-12-25T16:00:00.000Z,2049911,,,,,false,false,,,1.12,26.617291666666667,,,
1823,2024-12-26T16:00:00.000Z,2419519,,,,,false,false,,,0.44,27.008958333333332,,,
1824,2024-12-27T16:00:00.000Z,2243288,,,,,false,false,,,4.475,25.984791666666666,,,
1825,2024-12-28T16:00:00.000Z,2824385,,,,,false,false,,,0.875,25.270833333333332,,,
1826,2024-12-29T16:00:00.000Z,1755654,,,,,false,false,,,5.39,25.50958333333333,,,
1827,2024-12-30T16:00:00.000Z,2066543,,,,,false,false,,,0.44,27.042916666666667,,,
1828,2024-12-31T16:00:00.000Z,2379373,,,,,false,false,,,7.875,26.411041666666666,,,
1829,2025-01-01T16:00:00.000Z,1836196,,,,,false,false,,,9.155,26.485625,,,
1830,2025-01-02T16:00:00.000Z,2319447,,,,,false,false,,,37.565,25.66125,,,
1831,2025-01-03T16:00:00.000Z,2200505,,,,,false,false,,,0.33,25.850208333333335,,,
1832,2025-01-04T16:00:00.000Z,2373485,,,,,false,false,,,0.055,25.510625,,,
1833,2025-01-05T16:00:00.000Z,1670433,,,,,false,false,,,0.27,26.216666666666665,,,
1834,2025-01-06T16:00:00.000Z,1203621,,,,,false,false,,,0.2,25.969166666666666,,,
1835,2025-01-07T16:00:00.000Z,1314279,,,,,false,false,,,0.055,25.832291666666666,,,
1836,2025-01-08T16:00:00.000Z,1536810,,,,,false,false,,,0.02,26.03375,,,
1837,2025-01-09T16:00:00.000Z,1791805,,,,,false,false,,,0.13,25.797708333333333,,,
1838,2025-01-10T16:00:00.000Z,1721278,,,,,false,false,,,0.055,25.168541666666666,,,
1839,2025-01-11T16:00:00.000Z,1957091,,,,,false,false,,,4.0,24.361041666666665,,,
1840,2025-01-12T16:00:00.000Z,1340386,,,,,false,false,,,2.755,24.641458333333333,,,
1841,2025-01-13T16:00:00.000Z,1204071,,,,,false,false,,,0.835,25.645416666666666,,,
1842,2025-01-14T16:00:00.000Z,1596982,,,,,false,false,,,0.175,26.998125,,,
1843,2025-01-15T16:00:00.000Z,1320005,,,,,false,false,,,0.04,26.707708333333333,,,
1844,2025-01-16T16:00:00.000Z,1948052,,,,,false,false,,,0.065,26.242708333333333,,,
1845,2025-01-17T16:00:00.000Z,1357408,,,,,false,false,,,0.315,26.16604166666667,,,
1846,2025-01-18T16:00:00.000Z,1960617,,,,,false,false,,,0.475,27.495416666666667,,,
1847,2025-01-19T16:00:00.000Z,1070583,,,,,false,false,,,1.2,26.919583333333332,,,
1848,2025-01-20T16:00:00.000Z,1365201,,,,,false,false,,,0.135,26.818958333333335,,,
1849,2025-01-21T16:00:00.000Z,1495542,,,,,false,false,,,0.0,26.558541666666667,,,
1850,2025-01-22T16:00:00.000Z,1261835,,,,,false,false,,,0.075,26.993333333333332,,,
1851,2025-01-23T16:00:00.000Z,1724376,,,,,false,false,,,0.59,27.684166666666666,,,
1852,2025-01-24T16:00:00.000Z,1563413,,,,,false,false,,,0.0,28.014375,,,
1853,2025-01-25T16:00:00.000Z,2086201,,,,,false,false,,,0.125,27.014166666666668,,,
1854,2025-01-26T16:00:00.000Z,1198559,,,,,false,false,,,0.045,25.528333333333332,,,
1855,2025-01-27T16:00:00.000Z,1092599,,,,,false,false,,,0.025,25.607291666666665,,,
1856,2025-01-28T16:00:00.000Z,1500985,,,,,false,false,,,0.0,25.336458333333333,,,
1857,2025-01-29T16:00:00.000Z,1181491,,,,,false,false,,,8.145,24.75625,,,
1858,2025-01-30T16:00:00.000Z,1671185,,,,,false,false,,,4.735,25.649583333333332,,,
1859,2025-01-31T16:00:00.000Z,1702463,,,,,false,false,,,0.0,27.848333333333333,,,
1860,2025-02-01T16:00:00.000Z,1927930,,,,,false,false,,,0.0,27.894166666666667,,,
1861,2025-02-02T16:00:00.000Z,1263022,,,,,false,false,,,0.535,27.876666666666665,,,
1862,2025-02-03T16:00:00.000Z,1493077,,,,,false,false,,,1.845,25.79375,,,
1863,2025-02-04T16:00:00.000Z,1462144,,,,,false,false,,,0.045,25.59875,,,
1864,2025-02-05T16:00:00.000Z,1485852,,,,,false,false,,,0.41,25.99625,,,
1865,2025-02-06T16:00:00.000Z,1526674,,,,,false,false,,,3.715,25.984791666666666,,,
1866,2025-02-07T16:00:00.000Z,1509332,,,,,false,false,,,12.965,24.917708333333334,,,
1867,2025-02-08T16:00:00.000Z,1734865,,,,,false,false,,,0.78,24.489583333333332,,,
1868,2025-02-09T16:00:00.000Z,1190979,,,,,false,false,,,11.88,24.348333333333333,,,
1869,2025-02-10T16:00:00.000Z,1502773,,,,,false,false,,,25.99,25.063541666666666,,,
1870,2025-02-11T16:00:00.000Z,1388232,,,,,false,false,,,0.135,26.612708333333334,,,
1871,2025-02-12T16:00:00.000Z,1414138,,,,,false,false,,,6.42,26.253541666666667,,,
1872,2025-02-13T16:00:00.000Z,1571406,,,,,false,false,,,6.255,25.814583333333335,,,
1873,2025-02-14T16:00:00.000Z,1413648,,,,,false,false,,,17.685,26.3825,,,
1874,2025-02-15T16:00:00.000Z,1948556,,,,,false,false,,,6.05,26.640208333333334,,,
1875,2025-02-16T16:00:00.000Z,1525389,,,,,false,false,,,2.76,26.663958333333333,,,
1876,2025-02-17T16:00:00.000Z,1303052,,,,,false,false,,,4.345,26.54,,,
1877,2025-02-18T16:00:00.000Z,1319147,,,,,false,false,,,1.22,26.25583333333333,,,
1878,2025-02-19T16:00:00.000Z,1437362,,,,,false,false,,,7.96,25.6575,,,
1879,2025-02-20T16:00:00.000Z,1612040,,,,,false,false,,,1.205,25.472916666666666,,,
1880,2025-02-21T16:00:00.000Z,1363655,,,,,false,false,,,0.01,26.203333333333333,,,
1881,2025-02-22T16:00:00.000Z,1637481,,,,,false,false,,,0.0,26.532083333333333,,,
1882,2025-02-23T16:00:00.000Z,1302426,,,,,false,false,,,0.315,26.437708333333333,,,
1883,2025-02-24T16:00:00.000Z,1188690,,,,,false,false,,,0.27,25.697916666666668,,,
1884,2025-02-25T16:00:00.000Z,1210920,,,,,false,false,,,0.02,25.624791666666667,,,
1885,2025-02-26T16:00:00.000Z,1501262,,,,,false,false,,,0.0,25.96375,,,
1886,2025-02-27T16:00:00.000Z,1662510,,,,,false,false,,,0.0,26.005,,,
1887,2025-02-28T16:00:00.000Z,1627258,,,,,false,false,,,0.055,27.533541666666668,,,
1888,2025-03-01T16:00:00.000Z,1956273,,,,,false,false,,,0.575,28.06875,,,
1889,2025-03-02T16:00:00.000Z,1419172,,,,,false,false,,,2.3,28.12,,,
1890,2025-03-03T16:00:00.000Z,1277344,,,,,false,false,,,2.71,27.91604166666667,,,
1891,2025-03-04T16:00:00.000Z,1146971,,,,,false,false,,,3.125,28.618541666666665,,,
1892,2025-03-05T16:00:00.000Z,1278884,,,,,false,false,,,0.16,27.991041666666668,,,
1893,2025-03-06T16:00:00.000Z,1670704,,,,,false,false,,,1.04,27.676041666666666,,,
1894,2025-03-07T16:00:00.000Z,1493065,,,,,false,false,,,8.385,26.612708333333334,,,
1895,2025-03-08T16:00:00.000Z,1516758,,,,,false,false,,,0.73,27.083541666666665,,,
1896,2025-03-09T16:00:00.000Z,1551761,,,,,false,false,,,0.0,27.376875,,,
1897,2025-03-10T16:00:00.000Z,1299502,,,,,false,false,,,0.055,27.990625,,,
1898,2025-03-11T16:00:00.000Z,1381977,,,,,false,false,,,0.1,28.610208333333333,,,
1899,2025-03-12T16:00:00.000Z,1238021,,,,,false,false,,,0.0,28.542708333333334,,,
1900,2025-03-13T16:00:00.000Z,1845243,,,,,false,false,,,0.0,28.172083333333333,,,
1901,2025-03-14T16:00:00.000Z,1481420,,,,,false,false,,,0.11,28.135208333333335,,,
1902,2025-03-15T16:00:00.000Z,1812775,,,,,false,false,,,0.645,28.767291666666665,,,
1903,2025-03-16T16:00:00.000Z,1217195,,,,,false,false,,,0.14,28.253541666666667,,,
1904,2025-03-17T16:00:00.000Z,1489749,,,,,false,false,,,0.51,28.432291666666668,,,
1905,2025-03-18T16:00:00.000Z,1369008,,,,,false,false,,,0.24,28.073125,,,
1906,2025-03-19T16:00:00.000Z,1360473,,,,,false,false,,,0.25,27.262291666666666,,,
1907,2025-03-20T16:00:00.000Z,1559342,,,,,false,false,,,0.0,26.726666666666667,,,
1908,2025-03-21T16:00:00.000Z,1672046,,,,,false,false,,,0.0,26.67375,,,
1909,2025-03-22T16:00:00.000Z,1825768,,,,,false,false,,,0.0,27.10375,,,
1910,2025-03-23T16:00:00.000Z,1211052,,,,,false,false,,,0.06,28.037708333333335,,,
1911,2025-03-24T16:00:00.000Z,1444382,,,,,false,false,,,1.2,29.172291666666666,,,
1912,2025-03-25T16:00:00.000Z,1514339,,,,,false,false,,,0.04,29.309583333333332,,,
1913,2025-03-26T16:00:00.000Z,1300373,,,,,false,false,,,2.315,29.40020833333333,,,
1914,2025-03-27T16:00:00.000Z,1503031,,,,,false,false,,,6.395,29.205416666666668,,,
1915,2025-03-28T16:00:00.000Z,1745746,,,,,false,false,,,5.3,28.029375,,,
1916,2025-03-29T16:00:00.000Z,1603904,,,,,false,false,,,0.885,28.371041666666667,,,
1917,2025-03-30T16:00:00.000Z,1458909,,,,,false,false,,,1.68,28.321875,,,
1918,2025-03-31T16:00:00.000Z,1405982,,,,,false,false,,,3.295,28.38375,,,
1919,2025-04-01T16:00:00.000Z,1330219,,,,,false,false,,,0.915,28.405208333333334,,,
1920,2025-04-02T16:00:00.000Z,1354641,,,,,false,false,,,2.295,29.016458333333333,,,
1921,2025-04-03T16:00:00.000Z,1959311,,,,,false,false,,,0.955,29.172708333333333,,,
1922,2025-04-04T16:00:00.000Z,1795700,,,,,false,false,,,2.82,28.3975,,,
1923,2025-04-05T16:00:00.000Z,2058078,1559721,1831631,,2004024,true,false,2017338,1634997,2.75,29.205416666666668,1837750,2000899,1602868
1924,2025-04-06T16:00:00.000Z,1396978,1545134,1465486,,1479973,true,false,1501965,1634777,0.165,29.810208333333332,1476822,1512071,1563582
1925,2025-04-07T16:00:00.000Z,1366753,1533211,1451465,,1477944,true,false,1512418,1634558,0.755,29.85,1465019,1538922,1550147
1926,2025-04-08T16:00:00.000Z,1511434,1527691,1455252,,1510059,true,false,1548932,1634338,0.145,30.215625,1474842,1561282,1546638
1927,2025-04-09T16:00:00.000Z,1529534,1523497,1455068,,1481910,true,false,1516935,1634118,0.005,30.311875,1476316,1529337,1547858
1928,2025-04-10T16:00:00.000Z,1902470,1518898,1803401,,1855991,true,false,1860741,1633899,0.175,30.866875,1829374,1854383,1553051
1929,2025-04-11T16:00:00.000Z,1903656,1509838,1667594,,1756577,true,false,1778997,1633679,0.09,30.984166666666667,1693956,1784795,1557090
1930,2025-04-12T16:00:00.000Z,2597060,1500558,1823877,,2004674,true,false,2015735,1633459,5.62,30.159583333333334,1840035,1992572,1560379
1931,2025-04-13T16:00:00.000Z,2286155,1492598,1453160,,1480623,true,false,1516689,1633240,0.605,30.216458333333332,1468233,1533072,1555809
1932,2025-04-14T16:00:00.000Z,1961469,1482267,1437432,,1478594,true,false,1522440,1633020,1.155,29.690208333333334,1445305,1552789,1552069
1933,2025-04-15T16:00:00.000Z,1903327,1472861,1431289,,1510709,true,false,1547824,1632800,0.755,29.961458333333333,1444004,1566242,1544213
1934,2025-04-16T16:00:00.000Z,2082613,1468081,1416611,,1482560,true,false,1517040,1632581,0.0,30.25875,1434610,1539411,1540750
1935,2025-04-17T16:00:00.000Z,2685706,1465666,1755643,,1856641,true,false,1873222,1632361,1.19,30.64645833333333,1777305,1889821,1534538
1936,2025-04-18T16:00:00.000Z,2238264,1463158,1614225,,1757227,true,false,1787681,1632141,0.045,30.592916666666667,1632273,1811704,1528844
1937,2025-04-19T16:00:00.000Z,2950593,1977233,1844530,,2608153,true,false,2608012,2219621,0.05,30.524583333333332,1874765,2608978,2084076
1938,2025-04-20T16:00:00.000Z,1679142,1926992,1460931,,2076227,true,false,2105206,2219683,0.105,30.953958333333333,1493577,2125063,2057757
1939,2025-04-21T16:00:00.000Z,1504262,1888468,1425959,,2046995,true,false,2093786,2219746,0.035,31.160833333333333,1461876,2112151,2049785
1940,2025-04-22T16:00:00.000Z,1556987,1858644,1417046,,2082467,true,false,2135866,2219808,1.255,31.369375,1453809,2139964,2043198
1941,2025-04-23T16:00:00.000Z,1561319,1828083,1403876,,2068717,true,false,2119492,2219871,0.295,31.180625,1439941,2135083,2037888
1942,2025-04-24T16:00:00.000Z,1912997,1797362,1740612,,2449382,true,false,2465201,2219933,0.175,31.115,1779826,2508508,2026415
1943,2025-04-25T16:00:00.000Z,1775336,1771629,1597777,,2342130,true,false,2378011,2219995,0.0,30.806875,1631848,2414911,2008212
1944,2025-04-26T16:00:00.000Z,2080763,1735335,1733955,,2610378,true,false,2663379,2220058,0.0,30.695208333333333,1769418,2715084,1985832
1945,2025-04-27T16:00:00.000Z,1534954,1705905,1364114,,2078452,true,false,2169898,2220120,3.965,29.33375,1389987,2251584,1958045
1946,2025-04-28T16:00:00.000Z,1358452,1676462,1334957,,2049220,true,false,2158511,2220183,1.85,29.871458333333333,1361946,2210402,1925990
1947,2025-04-29T16:00:00.000Z,1357837,1642917,1329538,,2084691,true,false,2191011,2220245,1.625,30.345416666666665,1359324,2230499,1894386
1948,2025-04-30T16:00:00.000Z,1448766,1615585,1321931,,2070942,true,false,2192897,2220308,1.4,30.3275,1352528,2242176,1865414
1949,2025-05-01T16:00:00.000Z,1970791,1595901,1668299,,2451606,true,false,2571263,2220370,0.21,30.571458333333332,1700917,2636251,1839706
1950,2025-05-02T16:00:00.000Z,1751971,1579563,1533989,,2344354,true,false,2452755,2220432,1.045,30.018333333333334,1562645,2510839,1818148
1951,2025-05-03T16:00:00.000Z,2010859,1597297,1739329,,2058008,true,false,2095371,1688164,8.86,28.748333333333335,1723549,2119855,1715339
1952,2025-05-04T16:00:00.000Z,1604343,1588314,1367828,,1481981,true,false,1517709,1688007,14.29,28.226041666666667,1349622,1530381,1414302
1953,2025-05-05T16:00:00.000Z,1446586,1582263,1347469,,1448533,true,false,1482532,1687849,9.285,28.578125,1330233,1458352,1225385
1954,2025-05-06T16:00:00.000Z,1593317,1571051,1357249,,1495572,true,false,1508373,1687692,15.445,28.100416666666668,1338229,1481646,1255911
1955,2025-05-07T16:00:00.000Z,1424990,1565907,1362025,,1496021,true,false,1507549,1687534,12.87,27.778333333333332,1341487,1498621,1456696
1956,2025-05-08T16:00:00.000Z,1919684,1565771,1716420,,1884087,true,false,1896215,1687377,4.77,28.802083333333332,1699792,1896384,1703248
1957,2025-05-09T16:00:00.000Z,1748604,1563691,1583514,,1760504,true,false,1762749,1687219,2.1,29.576041666666665,1569908,1760706,1797437
1958,2025-05-10T16:00:00.000Z,1985356,1565458,1743724,,2058053,true,false,2105733,1687062,1.45,29.430625,1729780,2114228,1633125
1959,2025-05-11T16:00:00.000Z,1542304,1558098,1380698,,1482026,true,false,1525363,1686904,8.055,28.906666666666666,1364702,1529032,1358557
1960,2025-05-12T16:00:00.000Z,1474291,1550387,1372573,,1448577,true,false,1468658,1686747,7.105,28.010833333333334,1353047,1447882,1186499
1961,2025-05-13T16:00:00.000Z,1531726,1536944,1383426,,1495616,true,false,1500254,1686589,1.54,28.823333333333334,1367520,1469096,1227763
1962,2025-05-14T16:00:00.000Z,1354954,1528104,1391888,,1496065,true,false,1505317,1686431,3.82,28.795208333333335,1375892,1492510,1430709
1963,2025-05-15T16:00:00.000Z,1886570,1523735,1751090,,1884132,true,false,1898212,1686274,0.425,29.378125,1737884,1901090,1654688
1964,2025-05-16T16:00:00.000Z,1731059,1519958,1621189,,1760548,true,false,1770891,1686116,0.58,29.88375,1610237,1758174,1725348
1965,2025-05-17T16:00:00.000Z,1970791,1735199,1792016,,2024871,true,false,2050034,1663442,0.38,30.301041666666666,1802366,2056445,1632570
1966,2025-05-18T16:00:00.000Z,1405731,1735698,1423284,,1467155,true,false,1502650,1663218,0.185,30.477291666666666,1434963,1508686,1402136
1967,2025-05-19T16:00:00.000Z,1490437,1732658,1408668,,1422006,true,false,1428541,1662994,0.52,30.31,1419308,1416911,1271250
1968,2025-05-20T16:00:00.000Z,1588135,1726846,1417273,,1474847,true,false,1466271,1662770,0.845,30.479791666666667,1429777,1459248,1333311
1969,2025-05-21T16:00:00.000Z,1624338,1730536,1416359,,1455835,true,false,1452760,1662546,0.575,30.79125,1431316,1439956,1492103
1970,2025-05-22T16:00:00.000Z,1902866,1734952,1771205,,1862980,true,false,1855378,1662322,0.155,30.930416666666666,1787993,1870700,1647726
1971,2025-05-23T16:00:00.000Z,1772364,1741353,1638566,,1733484,true,false,1717870,1662098,1.9,30.53,1653073,1722401,1668784
1972,2025-05-24T16:00:00.000Z,1902588,1745852,1792263,,2025755,true,false,2036583,1661874,0.635,30.574583333333333,1807303,2043992,1516125
1973,2025-05-25T16:00:00.000Z,1624482,1749603,1423143,,1468040,true,false,1491797,1661650,2.52,29.906458333333333,1433664,1505007,1324415
1974,2025-05-26T16:00:00.000Z,1444792,1752898,1404431,,1422890,true,false,1419397,1661426,0.31,29.552083333333332,1411915,1415279,1234650
1975,2025-05-27T16:00:00.000Z,1465201,1756987,1410715,,1475732,true,false,1470175,1661202,9.77,29.15375,1416622,1458910,1300003
1976,2025-05-28T16:00:00.000Z,1456539,1764542,1412699,,1456720,true,false,1455672,1660978,2.82,28.555,1412902,1426118,1450315
1977,2025-05-29T16:00:00.000Z,1956547,1766817,1761783,,1863864,true,false,1887371,1660754,9.905,28.814166666666665,1764975,1865509,1582479
1978,2025-05-30T16:00:00.000Z,1715417,1770139,1632044,,1734368,true,false,1736494,1660531,15.825,27.346458333333334,1626234,1716591,1584592
1979,2025-05-31T16:00:00.000Z,1655526,1690293,1801769,,2032934,true,false,2052496,1682060,4.39,27.945208333333333,1789794,2042107,1692920
1980,2025-06-01T16:00:00.000Z,1352231,1697494,1419947,,1494110,true,false,1522595,1681876,9.27,28.509166666666665,1412886,1517221,1676049
1981,2025-06-02T16:00:00.000Z,1296201,1711654,1396368,,1445164,true,false,1459890,1681692,13.07,28.5625,1388938,1446908,1665916
1982,2025-06-03T16:00:00.000Z,1395889,1721912,1403442,,1497104,true,false,1501609,1681508,12.165,28.2825,1393158,1496853,1654911
1983,2025-06-04T16:00:00.000Z,1402832,1730566,1402446,,1480223,true,false,1483856,1681324,7.345,28.310625,1389392,1475199,1652287
1984,2025-06-05T16:00:00.000Z,1509281,1733613,1756697,,1883861,true,false,1880833,1681140,31.98,27.869791666666668,1742434,1895742,1654191
1985,2025-06-06T16:00:00.000Z,1470300,1734603,1623208,,1750863,true,false,1728900,1680956,35.44,27.22125,1604867,1742824,1654612
1986,2025-06-07T16:00:00.000Z,1671076,1736927,1780191,,2033209,true,false,2034637,1680772,17.115,26.3575,1758621,2026319,1657358
1987,2025-06-08T16:00:00.000Z,1328331,1728944,1400695,,1494386,true,false,1519573,1680588,13.225,27.22479166666667,1385431,1523912,1651676
1988,2025-06-09T16:00:00.000Z,1517772,1736993,1384114,,1445439,true,false,1451898,1680404,11.73,26.769583333333333,1365723,1444179,1647564
1989,2025-06-10T16:00:00.000Z,1637472,1732835,1392905,,1497380,true,false,1490752,1680220,27.705,26.437708333333333,1374539,1491605,1639714
1990,2025-06-11T16:00:00.000Z,1492244,1733150,1391665,,1480499,true,false,1473795,1680036,23.5,26.942291666666666,1375558,1471061,1639208
1991,2025-06-12T16:00:00.000Z,1821993,1736689,1745873,,1884137,true,false,1882869,1679852,0.08,28.465,1733401,1898393,1640990
1992,2025-06-13T16:00:00.000Z,1355288,1741009,1608160,,1751138,true,false,1748051,1679668,1.175,29.190208333333334,1600488,1737938,1642369
1993,2025-06-14T16:00:00.000Z,1826819,1525681,1752196,,1829940,true,false,1790036,1532419,3.395,28.800625,1762129,1769521,1455149
1994,2025-06-15T16:00:00.000Z,1283656,1521064,1386693,,1321628,true,false,1295650,1532175,10.425,28.06833333333333,1393615,1300851,1402014
1995,2025-06-16T16:00:00.000Z,1174305,1513469,1376251,,1280971,true,false,1230728,1531931,22.04,26.994375,1378241,1244689,1410614
1996,2025-06-17T16:00:00.000Z,1380575,1506289,1393879,,1331209,true,false,1295868,1531687,17.07,26.216041666666666,1390438,1305053,1456306
1997,2025-06-18T16:00:00.000Z,1179843,1498404,1389928,,1302030,true,false,1277042,1531443,3.465,27.726041666666667,1393222,1279218,1495443
1998,2025-06-19T16:00:00.000Z,2098920,1497645,1745773,,1685717,true,false,1645217,1531199,13.0,27.805625,1751478,1652559,1490773
1999,2025-06-20T16:00:00.000Z,1633519,1497822,1612609,,1562365,true,false,1502720,1530955,10.045,27.749791666666667,1618248,1486386,1439330
2000,2025-06-21T16:00:00.000Z,1809293,1495976,1775699,,1825750,true,false,1750719,1530711,15.145,26.768958333333334,1776562,1722962,1375152
2001,2025-06-22T16:00:00.000Z,1421470,1490827,1411446,,1317439,true,false,1268653,1530467,23.625,25.575625,1406460,1272276,1337624
2002,2025-06-23T16:00:00.000Z,1321816,1484211,1386326,,1276782,true,false,1237547,1530223,11.435,27.102708333333332,1388759,1236236,1341407
2003,2025-06-24T16:00:00.000Z,1340466,1484866,1389490,,1327019,true,false,1296527,1529979,10.08,28.19729166666667,1397985,1301562,1373152
2004,2025-06-25T16:00:00.000Z,1115886,1488931,1392920,,1297840,true,false,1273644,1529735,10.18,27.5025,1397277,1265774,1403268
2005,2025-06-26T16:00:00.000Z,1609493,1487582,1749333,,1681528,true,false,1636321,1529491,18.58,26.966041666666666,1751652,1635482,1405021
2006,2025-06-27T16:00:00.000Z,1534398,1486160,1610833,,1558175,true,false,1470824,1529247,9.03,27.314375,1614302,1444257,1373650
2007,2025-06-28T16:00:00.000Z,1583446,1524528,1761859,,1774357,true,false,1747261,1460727,14.9,27.023125,1754775,1721201,1552672
2008,2025-06-29T16:00:00.000Z,1617052,1538001,1387255,,1273157,true,false,1259461,1460482,26.915,26.827708333333334,1380048,1266005,1400371
2009,2025-06-30T16:00:00.000Z,1183131,1554404,1363964,,1227160,true,false,1215341,1460237,21.045,27.213333333333335,1358059,1215532,1286013
2010,2025-07-01T16:00:00.000Z,1095586,1569807,1370636,,1286135,true,false,1300547,1459992,11.605,27.393541666666668,1365050,1298246,1288360
2011,2025-07-02T16:00:00.000Z,1197506,1580770,1370991,,1238977,true,false,1234907,1459747,27.47,26.198958333333334,1360135,1223636,1397822
2012,2025-07-03T16:00:00.000Z,1748458,1591771,1720773,,1661293,true,false,1684281,1459502,18.525,27.207083333333333,1714902,1682797,1551340
2013,2025-07-04T16:00:00.000Z,1609543,1602461,1581924,,1496332,true,false,1485495,1459257,17.83,27.026041666666668,1575284,1458736,1644497
2014,2025-07-05T16:00:00.000Z,1777887,1611809,1735111,,1774015,true,false,1746264,1459012,7.965,27.401041666666668,1729368,1702308,1597103
2015,2025-07-06T16:00:00.000Z,1404380,1616698,1357176,,1272815,true,false,1274828,1458767,2.305,28.163958333333333,1354743,1249864,1454430
2016,2025-07-07T16:00:00.000Z,1418551,1620165,1337865,,1226818,true,false,1216333,1458522,6.5,27.835625,1333626,1195438,1343365
2017,2025-07-08T16:00:00.000Z,1184843,1624814,1348061,,1285793,true,false,1289029,1458277,9.595,27.461666666666666,1342237,1272811,1350067
2018,2025-07-09T16:00:00.000Z,1152720,1628002,1344730,,1238635,true,false,1219824,1458032,8.105,27.751458333333332,1339640,1185714,1461853
2019,2025-07-10T16:00:00.000Z,1803514,1630324,1701542,,1660951,true,false,1665407,1457787,10.21,27.785625,1697344,1647743,1617836
2020,2025-07-11T16:00:00.000Z,1887035,1634019,1567417,,1495990,true,false,1468549,1457542,10.96,27.364166666666666,1561181,1436086,1706946
2021,2025-07-12T16:00:00.000Z,2052446,1526228,1721062,,1952243,true,false,1921942,1582478,4.335,28.050625,1720801,1906658,1622102
2022,2025-07-13T16:00:00.000Z,1321728,1493051,1350848,,1489110,true,false,1513905,1582267,6.885,28.310208333333332,1352072,1540314,1485461
2023,2025-07-14T16:00:00.000Z,1226680,1478306,1334297,,1416661,true,false,1425877,1582055,12.275,27.83770833333333,1334189,1435107,1395847
2024,2025-07-15T16:00:00.000Z,1298833,1464800,1347785,,1454077,true,false,1457061,1581844,12.275,27.700208333333332,1345928,1464017,1388107
2025,2025-07-16T16:00:00.000Z,1359955,1463639,1354353,,1423762,true,false,1406483,1581632,14.28,26.768333333333334,1347766,1407924,1434592
2026,2025-07-17T16:00:00.000Z,1893319,1457551,1718490,,1866480,true,false,1871971,1581420,27.615,25.89875,1710893,1897818,1486801
2027,2025-07-18T16:00:00.000Z,1621886,1437011,1580941,,1694319,true,false,1695141,1581209,49.795,26.2225,1578633,1720350,1505304
2028,2025-07-19T16:00:00.000Z,1761420,1426618,1736284,,1952378,true,false,1929646,1580997,22.245,27.189375,1737285,1914644,1481862
2029,2025-07-20T16:00:00.000Z,1579352,1408269,1371507,,1489246,true,false,1504284,1580786,41.14,26.676041666666666,1369687,1540368,1437048
2030,2025-07-21T16:00:00.000Z,1374761,1421625,1356139,,1416796,true,false,1424654,1580574,31.955,26.405416666666667,1351990,1445157,1398100
2031,2025-07-22T16:00:00.000Z,1202276,1419221,1367690,,1454213,true,false,1439487,1580363,41.345,26.034583333333334,1362903,1452794,1379020
2032,2025-07-23T16:00:00.000Z,1602774,1412433,1363563,,1423898,true,false,1398880,1580151,47.635,26.279375,1362861,1398642,1378141
2033,2025-07-24T16:00:00.000Z,1516291,1392330,1721024,,1866616,true,false,1884292,1579939,25.055,27.29375,1723049,1901560,1384653
2034,2025-07-25T16:00:00.000Z,1410201,1381700,1585406,,1694455,true,false,1734745,1579728,11.885,27.3125,1586817,1745217,1387557
2035,2025-07-26T16:00:00.000Z,1930510,1397281,1741959,,1735890,true,false,1707532,1473536,14.145,27.529583333333335,1749089,1688666,1503316
2036,2025-07-27T16:00:00.000Z,1277898,1371978,1368352,,1271946,true,false,1274009,1473270,14.115,27.283541666666668,1374727,1272491,1488312
2037,2025-07-28T16:00:00.000Z,1427707,1345233,1340370,,1191497,true,false,1183453,1473004,10.095,27.759375,1349208,1170028,1478358
2038,2025-07-29T16:00:00.000Z,1348596,1317905,1341528,,1222388,true,false,1194870,1472739,5.42,28.307291666666668,1352003,1172285,1473166
2039,2025-07-30T16:00:00.000Z,1220902,1292134,1335939,,1222342,true,false,1181544,1472473,3.93,28.309166666666666,1345619,1169650,1473018
2040,2025-07-31T16:00:00.000Z,1711571,1266594,1686914,,1633669,true,false,1632632,1472207,1.345,28.618333333333332,1696708,1632429,1477101
2041,2025-08-01T16:00:00.000Z,1419662,1243527,1543284,,1487480,true,false,1458572,1471942,0.03,28.727083333333333,1551948,1464481,1482634
2042,2025-08-02T16:00:00.000Z,1608327,1224973,1692797,,1728286,true,false,1665804,1471676,0.015,28.512083333333333,1699427,1663660,1487500
2043,2025-08-03T16:00:00.000Z,1196386,1209094,1310879,,1264343,true,false,1248977,1471410,0.01,28.723125,1317872,1269440,1490479
2044,2025-08-04T16:00:00.000Z,1337953,1197470,1280478,,1183894,true,false,1153741,1471145,5.975,28.227916666666665,1285795,1158582,1492857
2045,2025-08-05T16:00:00.000Z,1278226,1184069,1282804,,1214785,true,false,1147892,1470879,27.02,26.986458333333335,1282869,1146708,1495081
2046,2025-08-06T16:00:00.000Z,1164249,1172131,1271984,,1214738,true,false,1175900,1470613,3.025,27.09875,1271789,1176687,1498389
2047,2025-08-07T16:00:00.000Z,1578793,1155367,1617284,,1626066,true,false,1589959,1470348,4.745,27.639166666666668,1619371,1595029,1502258
2048,2025-08-08T16:00:00.000Z,1363434,1144612,1467606,,1479876,true,false,1433420,1470082,1.93,28.010208333333335,1472434,1432085,1506552
2049,2025-08-09T16:00:00.000Z,1600263,1299921,1607830,,1672501,true,false,1645290,1376388,0.91,28.321041666666666,1608743,1641811,1484939
2050,2025-08-10T16:00:00.000Z,1111693,1294266,1229366,,1203310,true,false,1201096,1376085,10.495,27.735416666666666,1227134,1208439,1388973
2051,2025-08-11T16:00:00.000Z,1293154,1289185,1203494,,1147350,true,false,1141023,1375781,9.89,27.260833333333334,1198843,1154023,1300275
2052,2025-08-12T16:00:00.000Z,1202915,1283583,1204811,,1161099,true,false,1135236,1375478,7.07,27.128958333333333,1199949,1128103,1280640
2053,2025-08-13T16:00:00.000Z,1208891,1277643,1200773,,1149838,true,false,1119370,1375175,20.265,26.798333333333332,1193846,1126247,1335126
2054,2025-08-14T16:00:00.000Z,1535878,1274118,1558412,,1570573,true,false,1548694,1374872,14.2,26.2625,1549359,1551995,1428764
2055,2025-08-15T16:00:00.000Z,1487286,1270328,1421156,,1413482,true,false,1368906,1374569,15.235,25.877708333333334,1410271,1366756,1502669
2056,2025-08-16T16:00:00.000Z,1585538,1266792,1573494,,1671645,true,false,1611098,1374266,8.165,26.993125,1567921,1605414,1504140
2057,2025-08-17T16:00:00.000Z,1214636,1264435,1197264,,1202454,true,false,1178923,1373963,7.45,28.07,1196954,1175179,1437099
2058,2025-08-18T16:00:00.000Z,1164205,1264945,1181048,,1146494,true,false,1127770,1373659,4.65,28.030625,1180104,1136471,1359972
2059,2025-08-19T16:00:00.000Z,1190999,1266173,1193368,,1160243,true,false,1111420,1373356,3.62,28.289791666666666,1193229,1107834,1332475
2060,2025-08-20T16:00:00.000Z,1152789,1267926,1206261,,1148982,true,false,1089452,1373053,24.47,26.944583333333334,1199487,1096956,1370741
2061,2025-08-21T16:00:00.000Z,1551673,1271120,1579987,,1569717,true,false,1512315,1372750,54.975,25.25958333333333,1567464,1521802,1448608
2062,2025-08-22T16:00:00.000Z,1398511,1275995,1452347,,1412626,true,false,1343968,1372447,6.885,25.567291666666666,1440693,1334139,1514371
2063,2025-08-23T16:00:00.000Z,1633737,1339443,1619070,,1655173,true,false,1625606,1348669,7.925,26.571666666666665,1610840,1615988,1349743
2064,2025-08-24T16:00:00.000Z,1197649,1336583,1259158,,1194050,true,false,1180443,1348340,37.86,26.329583333333332,1250782,1182408,1333321
2065,2025-08-25T16:00:00.000Z,1230282,1339793,1256906,,1150392,true,false,1164074,1348012,17.385,25.700208333333332,1244985,1175558,1323695
2066,2025-08-26T16:00:00.000Z,1091612,1336809,1275189,,1155569,true,false,1150322,1347683,18.31,26.445833333333333,1267290,1142100,1313987
2067,2025-08-27T16:00:00.000Z,1141993,1338083,1289320,,1142922,true,false,1137439,1347354,26.285,26.42791666666667,1281644,1130986,1311613
2068,2025-08-28T16:00:00.000Z,1608457,1341875,1663843,,1557820,true,false,1559136,1347026,8.56,26.482916666666668,1656485,1539671,1309733
2069,2025-08-29T16:00:00.000Z,1473012,1344101,1540473,,1404843,true,false,1391787,1346697,12.04,26.903541666666666,1535337,1374558,1308845
2070,2025-08-30T16:00:00.000Z,1463589,1347226,1715119,,1654275,true,false,1613493,1346369,13.445,26.637291666666666,1708702,1588975,1308701
2071,2025-08-31T16:00:00.000Z,1327145,1347692,1359667,,1193152,true,false,1175872,1346040,17.83,26.122708333333332,1350984,1160112,1304077
2072,2025-09-01T16:00:00.000Z,1397159,1347677,1353192,,1149494,true,false,1150859,1345712,17.045,26.455416666666668,1345944,1149798,1300830
2073,2025-09-02T16:00:00.000Z,1331159,1346390,1370700,,1154671,true,false,1142662,1345383,12.53,27.09979166666667,1367455,1121145,1295824
2074,2025-09-03T16:00:00.000Z,1241490,1347395,1382055,,1142024,true,false,1129613,1345054,12.32,27.263958333333335,1379529,1107870,1293854
2075,2025-09-04T16:00:00.000Z,1570582,1347616,1758106,,1556921,true,false,1528235,1344726,44.05,26.063333333333333,1750703,1515773,1290905
2076,2025-09-05T16:00:00.000Z,1502822,1351200,1633607,,1403945,true,false,1363989,1344397,23.79,25.8975,1624626,1351613,1288283
2077,2025-09-06T16:00:00.000Z,2013049,1477380,1778319,,1724345,true,false,1696538,1426259,7.36,27.031458333333333,1775627,1681378,1453368
2078,2025-09-07T16:00:00.000Z,1157956,1314442,1415709,,1285152,true,false,1281657,1425957,9.78,26.780208333333334,1411950,1275074,1331883
2079,2025-09-08T16:00:00.000Z,1378001,1176508,1403946,,1245812,true,false,1255835,1425655,10.26,26.95895833333333,1400156,1276994,1242252
2080,2025-09-09T16:00:00.000Z,1203604,1159191,1419492,,1233541,true,false,1226621,1425353,6.105,26.394166666666667,1413124,1229759,1244969
2081,2025-09-10T16:00:00.000Z,1208158,1241365,1421842,,1219830,true,false,1214298,1425051,9.055,26.758541666666666,1417018,1219747,1311854
2082,2025-09-11T16:00:00.000Z,1718580,1362916,1783285,,1632930,true,false,1626295,1424749,20.015,27.050625,1780274,1629994,1397275
2083,2025-09-12T16:00:00.000Z,1873807,1431220,1648387,,1483991,true,false,1471826,1424447,11.915,27.206666666666667,1646314,1477440,1428589
2084,2025-09-13T16:00:00.000Z,1831251,1380789,1812360,,1718201,true,false,1669009,1424145,14.4,26.136666666666667,1805648,1659012,1369311
2085,2025-09-14T16:00:00.000Z,1326837,1252325,1437731,,1279008,true,false,1264686,1423843,17.23,26.846666666666668,1434015,1273634,1266687
2086,2025-09-15T16:00:00.000Z,1350882,1133393,1421575,,1239668,true,false,1257145,1423541,19.345,26.19729166666667,1414719,1281065,1197633
2087,2025-09-16T16:00:00.000Z,1189134,1117321,1427739,,1227397,true,false,1229913,1423239,19.135,25.988541666666666,1420764,1232319,1204437
2088,2025-09-17T16:00:00.000Z,1276726,1178450,1421959,,1213686,true,false,1218008,1422937,10.585,26.83,1418421,1215900,1263628
2089,2025-09-18T16:00:00.000Z,2094774,1272431,1778356,,1626786,true,false,1624469,1422635,14.915,27.135,1776203,1619619,1331889
2090,2025-09-19T16:00:00.000Z,1789816,1334336,1640425,,1477848,true,false,1470979,1422333,11.325,26.9975,1637587,1473886,1354443
2091,2025-09-20T16:00:00.000Z,1781955,1551027,1795345,,1979594,true,false,1983230,1629570,11.74,26.890208333333334,1790829,1986133,1741028
2092,2025-09-21T16:00:00.000Z,1461319,1536991,1418967,,1514138,true,false,1534852,1629387,20.57,26.596041666666668,1414450,1525697,1462350
2093,2025-09-22T16:00:00.000Z,1407327,1516053,1399758,,1498175,true,false,1543802,1629203,49.94,26.485,1394238,1565403,1296228
2094,2025-09-23T16:00:00.000Z,1218511,1522486,1405888,,1469567,true,false,1488235,1629019,23.605,26.001875,1398284,1489868,1334862
2095,2025-09-24T16:00:00.000Z,1566927,1522526,1401264,,1467579,true,false,1478060,1628835,15.85,26.99020833333333,1395907,1483965,1528245
2096,2025-09-25T16:00:00.000Z,2042662,1532743,1760702,,1906903,true,false,1930586,1628651,10.375,26.757291666666667,1756005,1934176,1777432
2097,2025-09-26T16:00:00.000Z,1430703,1508921,1621573,,1753195,true,false,1795823,1628467,0.74,27.738958333333333,1618649,1820301,1868242
2098,2025-09-27T16:00:00.000Z,1850425,1511868,1778875,,1979820,true,false,1998961,1628283,3.585,27.452083333333334,1775079,2010893,1684129
2099,2025-09-28T16:00:00.000Z,1446884,1503028,1406603,,1514364,true,false,1532658,1628099,14.01,26.80270833333333,1400079,1546362,1417840
2100,2025-09-29T16:00:00.000Z,1297681,1490029,1389794,,1498401,true,false,1545382,1627915,16.715,26.446041666666666,1381535,1584827,1289108
2101,2025-09-30T16:00:00.000Z,1309832,1478363,1393694,,1469793,true,false,1488745,1627731,9.93,26.908125,1387455,1502339,1354375
2102,2025-10-01T16:00:00.000Z,1261345,1470213,1391868,,1467805,true,false,1491499,1627547,9.285,27.239375,1387083,1503975,1565446
2103,2025-10-02T16:00:00.000Z,1583812,1461997,1759387,,1907128,true,false,1941949,1627363,59.415,25.494791666666668,1749250,1983849,1799946
2104,2025-10-03T16:00:00.000Z,1367567,1448748,1620469,,1753421,true,false,1815685,1627179,11.55,26.585625,1613973,1854565,1843341
2105,2025-10-04T16:00:00.000Z,2054618,1453722,1770661,,1672820,true,false,1640301,1430544,5.04,26.868333333333332,1768335,1625212,1411610
2106,2025-10-05T16:00:00.000Z,1383012,1451978,1395922,,1222175,true,false,1197748,1430257,3.075,27.482291666666665,1395401,1183035,1263087
2107,2025-10-06T16:00:00.000Z,1184797,1453394,1376484,,1196257,true,false,1199748,1429970,2.705,28.260416666666668,1378281,1193300,1182525
2108,2025-10-07T16:00:00.000Z,1493000,1460378,1386191,,1163231,true,false,1123950,1429684,8.305,27.2575,1385375,1102954,1199443
2109,2025-10-08T16:00:00.000Z,1252599,1457094,1390538,,1179653,true,false,1149938,1429397,24.865,26.300625,1387983,1150656,1277598
2110,2025-10-09T16:00:00.000Z,1777940,1453252,1756081,,1611530,true,false,1611932,1429110,24.025,25.941458333333333,1752426,1619194,1358321
2111,2025-10-10T16:00:00.000Z,1645683,1447763,1620241,,1441030,true,false,1424050,1428824,4.88,26.612708333333334,1617362,1412967,1373346
2112,2025-10-11T16:00:00.000Z,1785332,1444729,1779691,,1671716,true,false,1631095,1428537,10.305,27.206666666666667,1779654,1617458,1307643
2113,2025-10-12T16:00:00.000Z,1227546,1452798,1410075,,1221071,true,false,1189877,1428250,9.355,27.104583333333334,1409035,1180740,1216933
2114,2025-10-13T16:00:00.000Z,1211846,1460045,1396197,,1195153,true,false,1191704,1427964,2.12,27.154375,1394355,1178543,1165232
2115,2025-10-14T16:00:00.000Z,1534114,1458378,1405202,,1162127,true,false,1123012,1427677,3.62,27.316875,1404050,1096151,1176622
2116,2025-10-15T16:00:00.000Z,1252835,1461359,1410348,,1178549,true,false,1149585,1427390,0.73,27.61520833333333,1409448,1136392,1230757
2117,2025-10-16T16:00:00.000Z,1809404,1464645,1774479,,1610426,true,false,1604530,1427104,1.0,28.37125,1776888,1593598,1286303
2118,2025-10-17T16:00:00.000Z,1712931,1471365,1643491,,1439926,true,false,1410239,1426817,4.945,28.086041666666667,1645036,1386594,1298610
2119,2025-10-18T16:00:00.000Z,1596177,1478773,1811065,,1898537,true,false,1880229,1563611,52.915,25.422083333333333,1809279,1912046,1517738
2120,2025-10-19T16:00:00.000Z,1343047,1481587,1435612,,1424737,true,false,1440468,1563370,1.245,27.729375,1440760,1435182,1464563
2121,2025-10-20T16:00:00.000Z,1553669,1474650,1422148,,1393563,true,false,1411526,1563130,3.55,28.159791666666667,1429347,1403214,1439423
2122,2025-10-21T16:00:00.000Z,1311093,1468012,1437331,,1400847,true,false,1401314,1562889,6.275,28.226875,1445063,1409072,1433431
2123,2025-10-22T16:00:00.000Z,1366365,1465006,1444900,,1378967,true,false,1379787,1562649,5.32,28.313333333333333,1452676,1383274,1436101
2124,2025-10-23T16:00:00.000Z,1780183,1462916,1819998,,1825242,true,false,1840271,1562408,8.715,27.645625,1825137,1857178,1439133
2125,2025-10-24T16:00:00.000Z,1815318,1460879,1691787,,1648819,true,false,1659809,1562168,3.3,27.67791666666667,1697058,1669781,1438040
2126,2025-10-25T16:00:00.000Z,1834089,1453790,1861303,,1898600,true,false,1899081,1561927,16.765,27.444791666666667,1866702,1919602,1431840
2127,2025-10-26T16:00:00.000Z,1446711,1446446,1496741,,1424800,true,false,1433157,1561687,6.06,27.437291666666667,1500866,1434686,1421812
2128,2025-10-27T16:00:00.000Z,1561587,1437961,1486063,,1393626,true,false,1406373,1561446,10.02,27.577291666666667,1491465,1404003,1410003
2129,2025-10-28T16:00:00.000Z,1586091,1428330,1502503,,1400910,true,false,1418788,1561206,15.94,27.588541666666668,1508374,1433384,1398208
2130,2025-10-29T16:00:00.000Z,1975372,1421449,1513718,,1379031,true,false,1379840,1560965,13.84,26.935833333333335,1516221,1388590,1387577
2131,2025-10-30T16:00:00.000Z,2291270,1415827,1881929,,1825306,true,false,1861047,1560725,3.155,27.851666666666667,1887823,1868641,1378488
2132,2025-10-31T16:00:00.000Z,2443917,1408322,1751167,,1648882,true,false,1674542,1560485,7.62,27.992083333333333,1757676,1688005,1370841
2133,2025-11-01T16:00:00.000Z,2556243,1845814,1942712,,2429276,true,false,2437589,2016896,2.015,27.824791666666666,1942376,2435153,1966865
2134,2025-11-02T16:00:00.000Z,1917609,1818246,1575126,,1978249,true,false,1989465,2016894,4.57,26.917916666666667,1572061,1998375,1663610
2135,2025-11-03T16:00:00.000Z,1420088,1803080,1560221,,1964575,true,false,1998750,2016893,10.715,26.880208333333332,1557410,2013197,1514866
2136,2025-11-04T16:00:00.000Z,1115613,1787886,1566093,,1953101,true,false,1993950,2016892,4.415,27.7775,1565477,2005186,1593646
2137,2025-11-05T16:00:00.000Z,1132445,1774257,1565277,,1954614,true,false,1989677,2016891,5.705,27.959791666666668,1565182,2008653,1808383
2138,2025-11-06T16:00:00.000Z,1899491,1764604,1927130,,2383151,true,false,2449110,2016890,4.645,27.52375,1925712,2466296,1990507
2139,2025-11-07T16:00:00.000Z,1410701,1746571,1784084,,2215666,true,false,2307201,2016888,1.315,28.252291666666668,1784666,2343456,1956823
2140,2025-11-08T16:00:00.000Z,1804379,1731531,1936454,,2431234,true,false,2457543,2016887,47.705,26.00875,1934006,2499056,1697831
2141,2025-11-09T16:00:00.000Z,1514415,1730505,1548635,,1980207,true,false,2045784,2016886,39.09,27.251041666666666,1549212,2059020,1431467
2142,2025-11-10T16:00:00.000Z,1139635,1714001,1520625,,1966533,true,false,2054091,2016885,5.24,27.651875,1519553,2081280,1336372
2143,2025-11-11T16:00:00.000Z,1373425,1690407,1513729,,1955059,true,false,2043659,2016884,1.04,27.640208333333334,1512368,2075583,1422584
2144,2025-11-12T16:00:00.000Z,1423633,1666007,1498341,,1956572,true,false,2060773,2016882,0.375,27.666666666666668,1496887,2106637,1599849
2145,2025-11-13T16:00:00.000Z,2105802,1643536,1844812,,2385109,true,false,2504747,2016881,0.86,27.358333333333334,1842630,2554145,1730497
2146,2025-11-14T16:00:00.000Z,1536824,1620193,1689715,,2217624,true,false,2383233,2016880,1.16,27.30875,1687546,2451002,1689028
2147,2025-11-15T16:00:00.000Z,1817346,1574046,1812650,,1887643,true,false,1882716,1598753,0.32,27.606041666666666,1811330,1882587,1529519
2148,2025-11-16T16:00:00.000Z,1409037,1568343,1415490,,1432776,true,false,1418693,1598585,2.58,27.791666666666668,1415178,1420559,1416323
2149,2025-11-17T16:00:00.000Z,1559031,1567881,1375127,,1376452,true,false,1354796,1598417,0.535,27.681041666666665,1373916,1340010,1387922
2150,2025-11-18T16:00:00.000Z,1327721,1565062,1360930,,1378323,true,false,1328271,1598249,0.885,27.686875,1359865,1311370,1434993
2151,2025-11-19T16:00:00.000Z,1477878,1560644,1342729,,1392605,true,false,1349575,1598082,0.19,27.46270833333333,1340440,1343451,1508201
2152,2025-11-20T16:00:00.000Z,1947959,1555027,1688695,,1854134,true,false,1842789,1597914,1.395,27.502083333333335,1687112,1853025,1550578
2153,2025-11-21T16:00:00.000Z,1870023,1553107,1533730,,1671308,true,false,1654703,1597746,1.815,27.14875,1530977,1660716,1535040
2154,2025-11-22T16:00:00.000Z,1971637,1549871,1676261,,1887509,true,false,1874662,1597578,0.925,27.485625,1675138,1869171,1480440
2155,2025-11-23T16:00:00.000Z,1433167,1543812,1284764,,1432642,true,false,1421819,1597410,1.435,28.096458333333334,1285949,1424564,1428662
2156,2025-11-24T16:00:00.000Z,1421901,1542407,1257262,,1376319,true,false,1326523,1597242,30.47,25.995416666666667,1254737,1322395,1408353
2157,2025-11-25T16:00:00.000Z,1387238,1546767,1254848,,1378190,true,false,1337372,1597074,9.085,26.997916666666665,1253800,1312894,1420312
2158,2025-11-26T16:00:00.000Z,1514963,1545504,1252540,,1392471,true,false,1361417,1596906,12.36,26.589375,1250466,1346295,1445799
2159,2025-11-27T16:00:00.000Z,1705459,1551159,1617704,,1854000,true,false,1863842,1596738,9.685,26.761458333333334,1616055,1868453,1461206
2160,2025-11-28T16:00:00.000Z,1411425,1556858,1483446,,1671174,true,false,1651195,1596570,12.79,26.534583333333334,1481442,1648683,1454604
2161,2025-11-29T16:00:00.000Z,1819721,1561804,1674024,,1760977,true,false,1745912,1536797,12.31,26.64625,1674143,1734260,1678221
2162,2025-11-30T16:00:00.000Z,1467823,1543811,1308676,,1305712,true,false,1297702,1536568,9.225,26.855,1309146,1284575,1543557
2163,2025-12-01T16:00:00.000Z,1518268,1518906,1303787,,1263581,true,false,1246452,1536340,3.67,27.320625,1304805,1223341,1423546
2164,2025-12-02T16:00:00.000Z,1245684,1504137,1329963,,1249533,true,false,1198834,1536111,3.085,27.4075,1330447,1182365,1389006
2165,2025-12-03T16:00:00.000Z,1371879,1503831,1360263,,1278113,true,false,1228072,1535882,0.29,26.854375,1355944,1239119,1452860
2166,2025-12-04T16:00:00.000Z,1830179,1503450,1756653,,1722880,true,false,1696193,1535654,0.0,25.977291666666666,1749355,1729315,1573728
2167,2025-12-05T16:00:00.000Z,1400544,1526409,1649480,,1544729,true,false,1491096,1535425,0.0,25.86916666666667,1642088,1521954,1676140
2168,2025-12-06T16:00:00.000Z,1473393,1554595,1843373,,1760562,true,false,1708752,1535196,8.495,25.687083333333334,1837001,1725117,1688388
2169,2025-12-07T16:00:00.000Z,1376110,1561203,1500607,,1305297,true,false,1274324,1534968,9.64,26.534375,1498457,1272341,1605146
2170,2025-12-08T16:00:00.000Z,1356599,1555988,1521733,,1263165,true,false,1229471,1534739,6.645,26.55875,1518778,1214674,1498828
2171,2025-12-09T16:00:00.000Z,1184288,1548365,1568635,,1249117,true,false,1194614,1534510,6.3,26.702708333333334,1566796,1174167,1449930
2172,2025-12-10T16:00:00.000Z,1363669,1548651,1613552,,1277697,true,false,1248624,1534281,3.04,26.885625,1611919,1236149,1489677
2173,2025-12-11T16:00:00.000Z,1672057,1543490,2024320,,1722464,true,false,1710240,1534053,0.215,26.870625,2021785,1704263,1592508
2174,2025-12-12T16:00:00.000Z,1768911,1539630,1929342,,1544314,true,false,1505805,1533824,0.37,26.959791666666668,1927436,1490516,1694645
2175,2025-12-13T16:00:00.000Z,2038025,1495267,2106492,,1849567,true,false,1836815,1534259,0.015,26.411875,2110447,1837434,1558242
2176,2025-12-14T16:00:00.000Z,2167724,1494060,1772660,,1421623,true,false,1392042,1534008,23.18,25.872083333333332,1778071,1430130,1445197
2177,2025-12-15T16:00:00.000Z,1881738,1504320,1794376,,1378396,true,false,1380995,1533757,6.095,26.532916666666665,1799666,1390466,1341557
2178,2025-12-16T16:00:00.000Z,2051894,1500993,1833367,,1338480,true,false,1284026,1533506,50.81,25.992708333333333,1842666,1307775,1320501
2179,2025-12-17T16:00:00.000Z,2066129,1524011,1877113,,1383713,true,false,1371712,1533255,1.205,26.403333333333332,1881276,1387950,1379961
2180,2025-12-18T16:00:00.000Z,2777569,1523750,2275320,,1820362,true,false,1836338,1533005,1.28,26.434583333333332,2279570,1841031,1470925
2181,2025-12-19T16:00:00.000Z,2438242,1517550,2166173,,1622520,true,false,1629855,1532754,8.42,26.01875,2169314,1620838,1519765
2182,2025-12-20T16:00:00.000Z,3010759,1508746,2351912,,1849552,true,false,1826088,1532503,4.22,26.011041666666667,2354526,1813181,1481793
2183,2025-12-21T16:00:00.000Z,2313861,1504118,1997929,,1421607,true,false,1414698,1532252,3.725,25.721458333333334,1998989,1424797,1383254
2184,2025-12-22T16:00:00.000Z,2090698,1496706,1990547,,1378381,true,false,1369165,1532001,4.91,26.17,1994181,1386724,1293740
2185,2025-12-23T16:00:00.000Z,2131406,1500139,2003026,,1338465,true,false,1304451,1531751,0.255,26.79875,2007981,1297467,1268278
2186,2025-12-24T16:00:00.000Z,2111566,1499231,2009939,,1383698,true,false,1381954,1531500,1.005,27.015625,2015091,1384906,1307990
2187,2025-12-25T16:00:00.000Z,2213993,1494410,2375485,,1820347,true,false,1831403,1531249,0.09,26.893333333333334,2380131,1827393,1376877
2188,2025-12-26T16:00:00.000Z,2105786,1487869,2229762,,1622504,true,false,1631638,1530998,0.055,27.098541666666666,2235437,1630414,1420943
2189,2025-12-27T16:00:00.000Z,2728282,2061306,2407871,,2418792,true,false,2406481,2190958,0.36,27.24020833333333,2409894,2400904,2094369
2190,2025-12-28T16:00:00.000Z,2112653,2004830,2016435,,1992875,true,false,2041379,2191021,0.01,27.290416666666665,2018154,2058751,1911790
2191,2025-12-29T16:00:00.000Z,2132254,1945275,1973479,,1917581,true,false,1968183,2191084,0.015,27.486041666666665,1975612,1973021,1747931
2192,2025-12-30T16:00:00.000Z,1913916,1886107,1956106,,1892808,true,false,1922904,2191147,0.88,26.869791666666668,1955047,1929146,1713450
2193,2025-12-31T16:00:00.000Z,2154432,1834048,1931866,,1929358,true,false,1985810,2191209,3.85,26.469166666666666,1928816,1998376,1782394
2194,2026-01-01T16:00:00.000Z,2661079,1788374,2274826,,2361562,true,false,2426236,2191272,18.655,24.078541666666666,2263091,2451725,1901082
2195,2026-01-02T16:00:00.000Z,2528646,1749099,2100437,,2180163,true,false,2209402,2191335,0.995,24.871458333333333,2089587,2243515,1958031
2196,2026-01-03T16:00:00.000Z,2649117,1713590,2227824,,2420483,true,false,2457473,2191398,0.0,24.737083333333334,2216206,2511513,1902984
2197,2026-01-04T16:00:00.000Z,2239178,1689113,1814238,,1994566,true,false,2083964,2191461,0.1,25.220625,1804483,2145326,1781643
2198,2026-01-05T16:00:00.000Z,1467582,1684798,1755045,,1919271,true,false,2013882,2191524,4.88,25.313958333333332,1745774,2049518,1661642
2199,2026-01-06T16:00:00.000Z,1293481,1687235,1721217,,1894498,true,false,1971850,2191587,0.075,25.80291666666667,1713011,2011806,1639860
2200,2026-01-07T16:00:00.000Z,1198188,1700833,1688135,,1931049,true,false,2031341,2191649,0.11,25.630625,1678623,2074549,1719308
2201,2026-01-08T16:00:00.000Z,1921623,1717954,2018460,,2363253,true,false,2464068,2191712,0.67,25.548958333333335,2008770,2502342,1841881
2202,2026-01-09T16:00:00.000Z,1439549,1744510,1846339,,2181853,true,false,2271588,2191775,4.23,25.094583333333333,1835073,2301415,1906156
2203,2026-01-10T16:00:00.000Z,1960553,1729285,1975281,,1841693,true,false,1866367,1662273,2.7,25.923541666666665,1974011,1867417,1661885
2204,2026-01-11T16:00:00.000Z,1290167,1559079,1571983,,1402923,true,false,1433228,1662138,8.485,25.436875,1567724,1457297,1432016
2205,2026-01-12T16:00:00.000Z,1224215,1397152,1521701,,1296905,true,false,1337204,1662003,0.75,25.187083333333334,1516382,1326128,1254338
2206,2026-01-13T16:00:00.000Z,1308781,1292475,1497038,,1268669,true,false,1276603,1661868,1.135,25.951041666666665,1494999,1253954,1210224
2207,2026-01-14T16:00:00.000Z,1386998,1279352,1480937,,1323431,true,false,1335597,1661733,2.285,25.446666666666665,1476236,1328403,1289911
2208,2026-01-15T16:00:00.000Z,1814828,1334059,1826551,,1780678,true,false,1798608,1661599,0.015,26.221458333333334,1825266,1787796,1427224
2209,2026-01-16T16:00:00.000Z,1565946,1395546,1672637,,1589745,true,false,1593242,1661464,0.075,25.77375,1669487,1575503,1518677
2210,2026-01-17T16:00:00.000Z,1679449,1418016,1823975,,1841731,true,false,1881171,1661329,0.275,25.917083333333334,1821944,1874801,1484979
2211,2026-01-18T16:00:00.000Z,1469644,1384865,1437701,,1402961,true,false,1468334,1661194,0.835,26.292083333333334,1437313,1468881,1357836
2212,2026-01-19T16:00:00.000Z,1613799,1332239,1411931,,1296943,true,false,1320970,1661059,2.2,25.413541666666667,1407830,1291720,1239067
2213,2026-01-20T16:00:00.000Z,1198554,1288026,1416738,,1268707,true,false,1235859,1660924,1.485,24.7525,1408047,1212259,1207734
2214,2026-01-21T16:00:00.000Z,1287333,1273342,1423842,,1323469,true,false,1269340,1660789,0.0,24.112083333333334,1410195,1274562,1266207
2215,2026-01-22T16:00:00.000Z,1955066,1279058,1794460,,1780716,true,false,1741590,1660655,0.0,23.716875,1779058,1752849,1370248
2216,2026-01-23T16:00:00.000Z,1663098,1279958,1656528,,1589783,true,false,1529175,1660520,0.22,23.66229166666667,1641690,1521251,1443653
2217,2026-01-24T16:00:00.000Z,2105656,1765640,1810879,,1922912,true,false,1953991,1594957,0.08,24.502083333333335,1803307,1958538,1677026
2218,2026-01-25T16:00:00.000Z,1236371,1648252,1438407,,1485875,true,false,1540985,1594702,0.095,24.902291666666667,1433767,1531936,1465557
2219,2026-01-26T16:00:00.000Z,1312433,1505245,1417583,,1394867,true,false,1433668,1594447,0.58,25.758333333333333,1418040,1391070,1324590
2220,2026-01-27T16:00:00.000Z,1143160,1434615,1429868,,1346873,true,false,1351099,1594192,0.195,25.7,1428338,1308850,1346128
2221,2026-01-28T16:00:00.000Z,1697639,1481147,1445798,,1407036,true,false,1399556,1593937,0.08,24.940833333333334,1439803,1374411,1481639
2222,2026-01-29T16:00:00.000Z,1697527,1613856,1823263,,1873550,true,false,1886881,1593682,0.4,24.490833333333335,1816336,1860890,1638977
2223,2026-01-30T16:00:00.000Z,1819964,1735523,1687199,,1658737,true,false,1651595,1593428,0.0,25.320416666666667,1682447,1621487,1698285
2224,2026-01-31T16:00:00.000Z,1931379,1757923,1856054,,1922939,true,false,1930523,1593173,0.0,25.89,1853525,1913645,1598493
2225,2026-02-01T16:00:00.000Z,1517086,1684584,1484344,,1485903,true,false,1519689,1592918,0.0,26.30125,1483640,1502386,1421584
2226,2026-02-02T16:00:00.000Z,1295672,1581656,1467756,,1394895,true,false,1409667,1592663,0.0,26.063958333333332,1465873,1382205,1314119
2227,2026-02-03T16:00:00.000Z,1443240,1527747,1476629,,1346900,true,false,1324719,1592408,0.065,25.499791666666667,1472684,1275833,1342992
2228,2026-02-04T16:00:00.000Z,1453906,1547773,1484879,,1407063,true,false,1381692,1592153,0.0,25.357291666666665,1479495,1343077,1464715
2229,2026-02-05T16:00:00.000Z,1950798,1615360,1854315,,1873577,true,false,1877908,1591898,0.27,25.608541666666667,1850491,1842701,1589808
2230,2026-02-06T16:00:00.000Z,1678937,1682843,1710752,,1658765,true,false,1670140,1591643,5.11,25.717708333333334,1710477,1599486,1623972
2231,2026-02-07T16:00:00.000Z,1925799,1637708,1880039,,1964932,true,false,1988426,1644208,4.435,24.960208333333334,1874449,1998080,1759544
2232,2026-02-08T16:00:00.000Z,1417165,1621928,1508896,,1505767,true,false,1504159,1644108,0.0,24.649166666666666,1496477,1524809,1498493
2233,2026-02-09T16:00:00.000Z,1394503,1624275,1479967,,1422943,true,false,1419226,1644007,0.0,25.15375,1472216,1425350,1306906
2234,2026-02-10T16:00:00.000Z,1271075,1626347,1471499,,1382742,true,false,1352478,1643907,0.02,26.687291666666667,1473145,1327177,1337517
2235,2026-02-11T16:00:00.000Z,1366547,1629882,1474494,,1462789,true,false,1468628,1643807,0.38,26.730416666666667,1476648,1456296,1522189
2236,2026-02-12T16:00:00.000Z,2101652,1635908,1838999,,1900146,true,false,1913731,1643707,0.0,27.000833333333333,1842648,1888944,1758173
2237,2026-02-13T16:00:00.000Z,1512383,1636603,1696825,,1704912,true,false,1719318,1643607,9.68,26.04125,1699757,1692947,1878993
2238,2026-02-14T16:00:00.000Z,2053080,1641330,1859077,,1965081,true,false,2002349,1643507,1.695,26.360208333333333,1862992,1979710,1764305
2239,2026-02-15T16:00:00.000Z,1187247,1634285,1477168,,1505916,true,false,1541443,1643406,0.66,27.253125,1483697,1511557,1509880
2240,2026-02-16T16:00:00.000Z,1331202,1638219,1452659,,1423092,true,false,1436622,1643306,0.32,27.291666666666668,1459128,1403009,1323475
2241,2026-02-17T16:00:00.000Z,1186110,1639194,1461941,,1382891,true,false,1346049,1643206,0.02,26.395833333333332,1460710,1323087,1346023
2242,2026-02-18T16:00:00.000Z,1500181,1641354,1468962,,1462937,true,false,1450191,1643106,0.0,26.11895833333333,1465738,1443409,1539753
2243,2026-02-19T16:00:00.000Z,2174727,1635451,1834968,,1900294,true,false,1901028,1643006,0.475,26.198958333333334,1834013,1880828,1797387
2244,2026-02-20T16:00:00.000Z,1593147,1634192,1695415,,1705060,true,false,1699367,1642906,0.465,25.936041666666668,1693999,1679197,1921534
2245,2026-02-21T16:00:00.000Z,1524590,1749764,1853107,,1970807,true,false,1990728,1630971,0.0,26.592916666666667,1856501,1999081,1649659
2246,2026-02-22T16:00:00.000Z,1601740,1516706,1474641,,1486650,true,false,1502357,1630759,0.0,26.948125,1479053,1491522,1343515
2247,2026-02-23T16:00:00.000Z,1325438,1387830,1451091,,1426096,true,false,1430102,1630547,1.195,27.214375,1458868,1412746,1216351
2248,2026-02-24T16:00:00.000Z,1339509,1454772,1454187,,1374610,true,false,1349669,1630335,0.045,27.802083333333332,1463419,1323234,1336762
2249,2026-02-25T16:00:00.000Z,1244449,1657353,1465266,,1471410,true,false,1465878,1630123,0.0,27.586041666666667,1473142,1454000,1566825
2250,2026-02-26T16:00:00.000Z,1629385,1876922,1840545,,1931483,true,false,1949773,1629911,0.0,27.276875,1846506,1949293,1789779
2251,2026-02-27T16:00:00.000Z,1762717,1952201,1699619,,1691428,true,false,1684337,1629699,0.0,27.522083333333335,1706101,1667048,1820904
2252,2026-02-28T16:00:00.000Z,1713040,1831902,1870075,,1971306,true,false,1990119,1629487,0.03,27.52,1875943,1990638,1607687
2253,2026-03-01T16:00:00.000Z,1685404,1617116,1487209,,1487148,true,false,1500175,1629275,0.81,28.434791666666666,1499114,1461336,1325230
2254,2026-03-02T16:00:00.000Z,1281009,1482678,1467986,,1426595,true,false,1424566,1629063,0.01,28.49625,1478664,1398516,1229900
2255,2026-03-03T16:00:00.000Z,1503981,1555615,1477244,,1375108,true,false,1327692,1628851,0.0,27.5425,1482053,1304983,1359114
2256,2026-03-04T16:00:00.000Z,1564688,1777861,1483160,,1471908,true,false,1461518,1628639,0.215,28.032291666666666,1489735,1449041,1596726
2257,2026-03-05T16:00:00.000Z,1832855,1995373,1854666,,1931981,true,false,1957881,1628427,0.54,27.82625,1860240,1957333,1801227
2258,2026-03-06T16:00:00.000Z,1574454,2062463,1710817,,1691926,true,false,1675282,1628215,0.235,27.736458333333335,1716249,1653382,1811389
2259,2026-03-07T16:00:00.000Z,1885084,1564207,1871509,,1884147,true,false,1868579,1604227,1.085,26.9975,1873544,1859118,1728586
2260,2026-03-08T16:00:00.000Z,1335054,1548611,1496918,,1460326,true,false,1432183,1603974,0.0,26.95916666666667,1495050,1444287,1583140
2261,2026-03-09T16:00:00.000Z,1470687,1543935,1474571,,1360294,true,false,1314332,1603722,0.0,26.477916666666665,1468190,1329191,1442575
2262,2026-03-10T16:00:00.000Z,1307624,1536207,1475984,,1330248,true,false,1254172,1603469,0.02,26.36,1467972,1272738,1392001
2263,2026-03-11T16:00:00.000Z,1383256,1534742,1478239,,1409211,true,false,1361709,1603217,1.595,26.342083333333335,1471077,1379009,1445344
2264,2026-03-12T16:00:00.000Z,1505691,1533058,1851603,,1857139,true,false,1825283,1602964,0.4,24.9775,1837174,1853886,1558945
2265,2026-03-13T16:00:00.000Z,1726957,1538825,1716603,,1639850,true,false,1556801,1602712,0.0,23.918333333333333,1690024,1611247,1658207
2266,2026-03-14T16:00:00.000Z,2121693,1557096,1875708,,1884316,true,false,1794784,1602459,0.0,24.29,1851381,1832481,1662143
2267,2026-03-15T16:00:00.000Z,1406844,1559333,1490710,,1460496,true,false,1406689,1602207,0.23,24.69,1470220,1447438,1560589
2268,2026-03-16T16:00:00.000Z,1458735,1565410,1456359,,1360464,true,false,1298676,1601954,1.77,25.069166666666668,1441626,1311406,1437849
2269,2026-03-17T16:00:00.000Z,1447697,1557688,1447191,,1330417,true,false,1270933,1601702,0.875,26.59375,1440732,1275092,1377957
2270,2026-03-18T16:00:00.000Z,1482005,1569900,1451319,,1409381,true,false,1367359,1601449,0.905,26.881666666666668,1444308,1378079,1410270
2271,2026-03-19T16:00:00.000Z,1961695,1592591,1821078,,1857309,true,false,1827018,1601197,0.4,26.618333333333332,1812080,1838061,1501967
2272,2026-03-20T16:00:00.000Z,1910685,1620477,1675923,,1640020,true,false,1586090,1600944,0.0,27.153125,1667827,1594287,1595082
2273,2026-03-21T16:00:00.000Z,1800241,1715358,1842620,,2067329,true,false,2063477,1719499,0.25,26.526666666666667,1837395,2059713,1737249
2274,2026-03-22T16:00:00.000Z,1189431,1712891,1466365,,1617705,true,false,1633541,1719362,0.0,26.837291666666665,1460214,1634910,1557273
2275,2026-03-23T16:00:00.000Z,1494308,1715682,1445422,,1540913,true,false,1540180,1719224,0.0,27.051041666666666,1438888,1547228,1389943
2276,2026-03-24T16:00:00.000Z,1467615,1719860,1443052,,1501267,true,false,1503146,1719086,0.15,27.981458333333332,1444764,1496994,1358360
2277,2026-03-25T16:00:00.000Z,1411433,1714141,1448499,,1577039,true,false,1607324,1718949,0.34,28.777083333333334,1456709,1591142,1462187
2278,2026-03-26T16:00:00.000Z,1924552,1704280,1827439,,2012299,true,false,2031180,1718811,0.01,28.549375,1832604,2006869,1598568
2279,2026-03-27T16:00:00.000Z,1744907,1702506,1692050,,1815924,true,false,1855695,1718673,0.29,28.7625,1698558,1838761,1650191
2280,2026-03-28T16:00:00.000Z,2334557,1698620,1867548,,2067724,true,false,2102464,1718536,0.605,28.5925,1872837,2084844,1549853
2281,2026-03-29T16:00:00.000Z,1953208,1692892,1499609,,1618100,true,false,1652210,1718398,1.26,28.69729166666667,1503943,1635704,1374229
2282,2026-03-30T16:00:00.000Z,1822370,1688140,1485615,,1541308,true,false,1569375,1718260,0.325,28.932916666666667,1490470,1558093,1246717
2283,2026-03-31T16:00:00.000Z,1739774,1682359,1500682,,1501662,true,false,1515922,1718123,0.05,28.864791666666665,1503523,1510629,1242863
2284,2026-04-01T16:00:00.000Z,2055670,1679543,1521356,,1577435,true,false,1603247,1717985,0.02,28.459583333333335,1521737,1600536,1350453
2285,2026-04-02T16:00:00.000Z,2340159,1675082,1905407,,2012695,true,false,2026465,1717847,0.0,28.443125,1902780,2020796,1474181
2286,2026-04-03T16:00:00.000Z,2346537,1676786,1774550,,1816319,true,false,1858775,1717710,0.0,28.52520833333333,1772572,1860987,1523996
2287,2026-04-04T16:00:00.000Z,3063886,2054529,1986126,,2488050,true,false,2498872,2110749,0.0,29.219375,1984652,2494268,2199037
2288,2026-04-05T16:00:00.000Z,2233881,1806691,1611307,,2032004,true,false,2044966,2110850,0.0,29.799583333333334,1615016,2030589,1897342
2289,2026-04-06T16:00:00.000Z,1414595,1672072,1595265,,1970382,true,false,2004835,2110951,0.0,29.779166666666665,1600298,2000654,1687288
2290,2026-04-07T16:00:00.000Z,1523733,1718349,1607951,,1923807,true,false,1949570,2111052,0.11,29.669166666666666,1609044,1953689,1716977
2291,2026-04-08T16:00:00.000Z,1448704,1872184,1624336,,2002518,true,false,2031040,2111153,0.07,29.034375,1622226,2039654,1913891
2292,2026-04-09T16:00:00.000Z,2064072,1989373,1989057,,2430231,true,false,2473939,2111254,0.41,29.8325,1995833,2463071,2159141
2293,2026-04-10T16:00:00.000Z,1757161,1933209,1850043,,2242118,true,false,2313180,2111355,1.005,30.007916666666667,1856638,2312756,2237063
2294,2026-04-11T16:00:00.000Z,1989622,1746993,2020147,,2489771,true,false,2557300,2111457,0.465,29.587083333333332,2021994,2562204,2046380
2295,2026-04-12T16:00:00.000Z,1472300,1582047,1640696,,2033726,true,false,2097951,2111558,0.005,29.678541666666668,1640986,2101331,1741361
2296,2026-04-13T16:00:00.000Z,1621794,1530572,1612540,,1972103,true,false,2051478,2111659,0.02,29.855416666666667,1614044,2064145,1578505
2297,2026-04-14T16:00:00.000Z,1473894,1580682,1612723,,1925528,true,false,1994687,2111760,0.0,29.395625,1609969,2014560,1647566
2298,2026-04-15T16:00:00.000Z,1642228,1687602,1614313,,2004239,true,false,2092967,2111861,0.0,29.132083333333334,1610004,2117391,1856222
2299,2026-04-16T16:00:00.000Z,2114336,1754254,1969073,,2431952,true,false,2522930,2111962,0.025,29.453958333333333,1970421,2530617,2082194
2300,2026-04-17T16:00:00.000Z,1822885,1716359,1815505,,2243839,true,false,2374714,2112063,0.385,29.733125,1818283,2391796,2126982
2301,2026-04-18T16:00:00.000Z,1853811,1764043,1979732,,2124738,true,false,2177944,1792517,1.375,29.295208333333335,1978752,2192645,1866564
2302,2026-04-19T16:00:00.000Z,1584368,1747036,1582825,,1640138,true,false,1678444,1792437,0.905,29.643125,1583651,1677693,1636248
2303,2026-04-20T16:00:00.000Z,1406564,1743347,1543956,,1557463,true,false,1555096,1792358,0.065,29.750208333333333,1543646,1549277,1478881
2304,2026-04-21T16:00:00.000Z,1402089,1750086,1531670,,1524966,true,false,1515059,1792278,0.01,29.954166666666666,1529732,1513666,1480569
2305,2026-04-22T16:00:00.000Z,1556319,1761745,1525105,,1606008,true,false,1599703,1792199,0.115,30.107916666666668,1521801,1598373,1602262
2306,2026-04-23T16:00:00.000Z,1974455,1774539,1878772,,2048379,true,false,2047973,1792119,0.145,30.565416666666668,1876829,2042025,1763398
2307,2026-04-24T16:00:00.000Z,1914047,1786068,1716029,,1859182,true,false,1878535,1792040,0.68,30.753958333333333,1719164,1870703,1833174
2308,2026-04-25T16:00:00.000Z,1950111,1784467,1870091,,2125659,true,false,2180140,1791960,0.78,30.448333333333334,1872962,2184222,1733451
2309,2026-04-26T16:00:00.000Z,1539941,1780663,1475493,,1641058,true,false,1676826,1791881,0.72,30.151666666666667,1477878,1670767,1547937
2310,2026-04-27T16:00:00.000Z,1420987,1777084,1439287,,1558383,true,false,1567520,1791801,6.98,29.821458333333332,1439809,1562727,1422492
2311,2026-04-28T16:00:00.000Z,1342888,1778864,1432807,,1525886,true,false,1520322,1791722,0.215,29.925,1429682,1518861,1439788
2312,2026-04-29T16:00:00.000Z,1559038,1784515,1431403,,1606928,true,false,1611171,1791642,0.025,30.272708333333334,1427278,1609717,1559614
2313,2026-04-30T16:00:00.000Z,2055151,1791594,1787109,,2049300,true,false,2064668,1791563,0.06,30.200208333333332,1789422,2055462,1697213
2314,2026-05-01T16:00:00.000Z,1850721,1776774,1639011,,1860102,true,false,1881399,1791483,0.045,30.291875,1640273,1875306,1744308
2315,2026-05-02T16:00:00.000Z,2023865,1714672,1809602,,2070479,true,false,2097107,1740618,0.01,30.662708333333335,1817318,2095216,1883535
2316,2026-05-03T16:00:00.000Z,1495257,1477630,1426214,,1606824,true,false,1624923,1740443,0.005,30.811458333333334,1433325,1621540,1663165
2317,2026-05-04T16:00:00.000Z,1430457,1330467,1399458,,1517143,true,false,1509695,1740268,1.11,30.182708333333334,1405951,1504902,1487527
2318,2026-05-05T16:00:00.000Z,1441921,1351135,1397806,,1485497,true,false,1472049,1740092,0.16,30.747916666666665,1407222,1463282,1497223
2319,2026-05-06T16:00:00.000Z,1435539,1501012,1409168,,1578016,true,false,1575012,1739917,0.005,30.796666666666667,1417720,1571439,1655071
2320,2026-05-07T16:00:00.000Z,2148750,1664200,1781044,,2018689,true,false,2024135,1739742,0.335,30.996875,1791968,2017182,1845425
2321,2026-05-08T16:00:00.000Z,1746472,1697028,1643899,,1827320,true,false,1851374,1739567,0.13,31.122708333333332,1653965,1850430,1938106
2322,2026-05-09T16:00:00.000Z,2059359,1576315,1816619,,2070990,true,false,2094391,1739392,0.0,31.258958333333332,1826415,2088107,1844548
2323,2026-05-10T16:00:00.000Z,1415534,1390987,1439114,,1607335,true,false,1627663,1739216,0.45,31.159791666666667,1451619,1618674,1646545
2324,2026-05-11T16:00:00.000Z,1647472,1262930,1417935,,1517654,true,false,1515199,1739041,1.315,30.52166666666667,1432352,1501881,1496259
2325,2026-05-12T16:00:00.000Z,1599759,1254180,1424101,,1486008,true,false,1472815,1738866,0.8,30.547291666666666,1440480,1457660,1503795
2326,2026-05-13T16:00:00.000Z,1492284,1353482,1439414,,1578527,true,false,1584705,1738691,1.54,30.74875,1456456,1573518,1638703
2327,2026-05-14T16:00:00.000Z,2007469,1481951,1817975,,2019200,true,false,2030974,1738516,2.255,30.442708333333332,1834721,2022853,1816404
2328,2026-05-15T16:00:00.000Z,1771178,1534168,1686298,,1827831,true,false,1842888,1738340,13.77,28.504375,1699227,1853414,1905459
2329,2026-05-16T16:00:00.000Z,2200889,1713361,1881337,,2039058,true,false,2042008,1737253,4.765,29.5175,1885049,2039397,1826932
2330,2026-05-17T16:00:00.000Z,1392298,1704743,1504328,,1564651,true,false,1553498,1737060,5.08,28.882291666666667,1507588,1549123,1626044
2331,2026-05-18T16:00:00.000Z,1496513,1699790,1477975,,1496257,true,false,1465528,1736867,10.615,28.36895833333333,1486098,1463518,1506213
2332,2026-05-19T16:00:00.000Z,1419216,1689813,1483635,,1461999,true,false,1432225,1736674,3.97,29.654375,1490134,1426148,1541852
2333,2026-05-20T16:00:00.000Z,1564200,1683371,1498848,,1537680,true,false,1521231,1736480,0.585,30.718958333333333,1500326,1510897,1693858
2334,2026-05-21T16:00:00.000Z,1859058,1682192,1868251,,1997904,true,false,2006698,1736287,1.475,31.05125,1873688,1999449,1870111
2335,2026-05-22T16:00:00.000Z,1810038,1678256,1723277,,1794901,true,false,1806848,1736094,3.53,30.977916666666665,1729978,1794793,1946324
2336,2026-05-23T16:00:00.000Z,2089528,1677507,1892418,,2039724,true,false,2048539,1735901,2.695,30.840416666666666,1896609,2036867,1853460
2337,2026-05-24T16:00:00.000Z,1534417,1679153,1507603,,1565317,true,false,1557723,1735708,2.01,31.200833333333332,1512083,1536823,1677827
2338,2026-05-25T16:00:00.000Z,1574102,1677707,1480628,,1496923,true,false,1481542,1735515,1.75,30.355833333333333,1483479,1473539,1571230
2339,2026-05-26T16:00:00.000Z,1618422,1674634,1477850,,1462665,true,false,1444755,1735322,0.81,31.070208333333333,1480561,1435442,1609202
2340,2026-05-27T16:00:00.000Z,1354173,1670093,1478883,,1538346,true,false,1518825,1735129,3.535,30.342708333333334,1484159,1506657,1751463
2341,2026-05-28T16:00:00.000Z,1970195,1664256,1843695,,1998570,true,false,2002185,1734936,4.1,30.092708333333334,1851470,1997084,1910024
2342,2026-05-29T16:00:00.000Z,1715455,1656333,1697834,,1795567,true,false,1797174,1734743,4.15,29.96625,1702412,1790201,1967289
2343,2026-05-30T16:00:00.000Z,1996981,1698811,1872841,,1999414,true,false,2006087,1696537,5.045,29.438125,1874743,2013304,1774764
2344,2026-05-31T16:00:00.000Z,1506392,1689385,1477621,,1501823,true,false,1469114,1696413,15.785,28.0325,1484579,1467410,1552817
2345,2026-06-01T16:00:00.000Z,1157216,1679373,1452347,,1451204,true,false,1415033,1696289,19.455,27.711875,1453708,1434625,1369568
2346,2026-06-02T16:00:00.000Z,1533582,1679963,1444603,,1416171,true,false,1371035,1696165,21.615,27.06875,1448773,1397172,1361355
2347,2026-06-03T16:00:00.000Z,1509451,1680948,1445712,,1477107,true,false,1446239,1696041,6.47,27.878125,1451213,1453593,1478135
2348,2026-06-04T16:00:00.000Z,1949524,1678107,1813217,,1941880,true,false,1907891,1695917,26.915,27.378958333333333,1819298,1927478,1643009
2349,2026-06-05T16:00:00.000Z,1537184,1691279,1666508,,1746335,true,false,1726803,1695794,9.195,28.042708333333334,1671460,1737677,1745551
2350,2026-06-06T16:00:00.000Z,1830178,1698818,1833514,,2000074,true,false,1997622,1695670,9.65,28.786875,1836993,2008238,1682914
2351,2026-06-07T16:00:00.000Z,1239916,1711557,1446221,,1502483,true,false,1470879,1695546,2.77,29.147083333333335,1450021,1462655,1506035
2352,2026-06-08T16:00:00.000Z,1524635,1720923,1420229,,1451864,true,false,1434002,1695422,2.145,29.725416666666668,1423026,1434910,1342005
2353,2026-06-09T16:00:00.000Z,1475467,1729646,1417309,,1416831,true,false,1397124,1695298,2.615,29.436458333333334,1422501,1403183,1334289
2354,2026-06-10T16:00:00.000Z,1218484,1734002,1425436,,1477767,true,false,1438956,1695174,3.94,29.064375,1429720,1437152,1438397
2355,2026-06-11T16:00:00.000Z,1724528,1738577,1800436,,1942540,true,false,1912019,1695050,5.83,28.826666666666668,1802783,1920989,1599117
2356,2026-06-12T16:00:00.000Z,1464949,1743809,1656719,,1746995,true,false,1716296,1694927,9.4,28.281458333333333,1659948,1726641,1708153
2357,2026-06-13T16:00:00.000Z,2149693,1402287,1820395,,1785999,true,false,1786926,1504515,7.775,28.140208333333334,1825416,1787539,1568498
2358,2026-06-14T16:00:00.000Z,1380533,1225501,1439339,,1286902,true,false,1256733,1504303,6.79,28.461875,1442206,1244117,1398535
2359,2026-06-15T16:00:00.000Z,1390907,1172689,1417984,,1240651,true,false,1205131,1504092,1.725,29.202083333333334,1419456,1196577,1275661
2360,2026-06-16T16:00:00.000Z,1563069,1270667,1426433,,1223309,true,false,1207038,1503880,2.105,29.497291666666666,1423571,1217505,1299786
2361,2026-06-17T16:00:00.000Z,1227345,1421741,1436883,,1259306,true,false,1227929,1503669,3.875,29.421458333333334,1433028,1222040,1411341
2362,2026-06-18T16:00:00.000Z,1671509,1537450,1808871,,1727766,true,false,1704594,1503457,10.075,29.15125,1809086,1702372,1559637
2363,2026-06-19T16:00:00.000Z,1676115,1509261,1663570,,1524262,true,false,1498542,1503245,1.625,30.17791666666667,1666737,1474617,1627894
2364,2026-06-20T16:00:00.000Z,1661846,1346509,1836128,,1785926,true,false,1767643,1503034,5.84,29.903958333333332,1839260,1751591,1560962
2365,2026-06-21T16:00:00.000Z,1301383,1205025,1451129,,1286829,true,false,1234680,1502822,1.555,29.378125,1455971,1206344,1419723
2366,2026-06-22T16:00:00.000Z,1214507,1175160,1428408,,1240578,true,false,1200778,1502611,0.845,29.594166666666666,1432341,1182392,1312600
2367,2026-06-23T16:00:00.000Z,1626086,1271900,1431190,,1223235,true,false,1194557,1502399,3.29,28.569583333333334,1434833,1198335,1334197
2368,2026-06-24T16:00:00.000Z,1293245,1406480,1438510,,1259232,true,false,1199698,1502187,5.715,28.526041666666668,1442012,1184263,1442633
2369,2026-06-25T16:00:00.000Z,1653969,1483247,1810848,,1727692,true,false,1675051,1501976,10.535,28.220625,1815245,1666424,1581109
2370,2026-06-26T16:00:00.000Z,1510766,1415953,1667246,,1524189,true,false,1453615,1501764,1.94,28.311458333333334,1669647,1436405,1645604
2371,2026-06-27T16:00:00.000Z,1751889,1488277,1820177,,1806382,true,false,1823360,1496219,5.115,28.774583333333332,1827794,1826650,1605301
2372,2026-06-28T16:00:00.000Z,1478798,1490202,1429279,,1299139,true,false,1277151,1495964,5.305,28.725833333333334,1439979,1264140,1514192
2373,2026-06-29T16:00:00.000Z,1268654,1489605,1394063,,1254400,true,false,1244815,1495709,15.11,27.649583333333332,1412884,1242114,1445962
2374,2026-06-30T16:00:00.000Z,1278048,1479834,1406525,,1265222,true,false,1278008,1495454,12.0,28.351041666666667,1414102,1306860,1453608
2375,2026-07-01T16:00:00.000Z,1428397,1492280,1408143,,1255907,true,false,1230103,1495200,7.26,27.9675,1416467,1225845,1530374
2376,2026-07-02T16:00:00.000Z,1901398,1499703,1780770,,1725984,true,false,1704466,1494945,1.9,29.13083333333333,1787546,1694624,1630735
2377,2026-07-03T16:00:00.000Z,1659252,1509114,1637302,,1538919,true,false,1505217,1494690,2.055,29.093541666666667,1640652,1501359,1694749
2378,2026-07-04T16:00:00.000Z,2207237,1521475,1806883,,1806291,true,false,1784791,1494435,3.815,29.201666666666668,1809413,1786575,1679910
2379,2026-07-05T16:00:00.000Z,1393436,1531842,1414442,,1299048,true,false,1252707,1494180,3.59,29.255416666666665,1421032,1238727,1608149
2380,2026-07-06T16:00:00.000Z,1130395,1535602,1384826,,1254310,true,false,1217350,1493925,3.14,28.8725,1394042,1212065,1543976
2381,2026-07-07T16:00:00.000Z,1616256,1533444,1388671,,1265131,true,false,1275257,1493670,4.89,28.425,1396047,1301562,1545555
2382,2026-07-08T16:00:00.000Z,1410339,1534909,1390156,,1255816,true,false,1223618,1493415,2.255,29.183125,1399863,1202576,1611686
2383,2026-07-09T16:00:00.000Z,1898951,1533661,1759747,,1725893,true,false,1684517,1493160,8.705,28.201875,1773011,1663644,1704467
2384,2026-07-10T16:00:00.000Z,1797766,1527452,1615330,,1538828,true,false,1484386,1492905,21.625,27.226666666666667,1628732,1473951,1761998
2385,2026-07-11T16:00:00.000Z,1581004,1561819,1803055,,2025132,true,false,2014656,1661093,40.815,26.397916666666667,1808036,2037182,1805350
2386,2026-07-12T16:00:00.000Z,1424521,1565786,1415479,,1508608,true,false,1501860,1660942,20.925,27.015833333333333,1422070,1509913,1638340
2387,2026-07-13T16:00:00.000Z,1216586,1556333,1394062,,1445940,true,false,1443444,1660790,0.505,28.534375,1397340,1442115,1474105
2388,2026-07-14T16:00:00.000Z,1503818,1545637,1403480,,1486926,true,false,1522682,1660638,0.07,28.694375,1404168,1549976,1463803
2389,2026-07-15T16:00:00.000Z,1519677,1537995,1409025,,1468328,true,false,1475357,1660487,0.38,28.848333333333333,1411185,1475652,1575653
2390,2026-07-16T16:00:00.000Z,1612768,1528502,1785819,,1937962,true,false,1939827,1660335,1.16,28.94125,1788070,1939765,1741739
2391,2026-07-17T16:00:00.000Z,1725519,1518382,1644546,,1744495,true,false,1746413,1660184,4.295,28.86875,1646310,1749522,1858378
2392,2026-07-18T16:00:00.000Z,1675756,1509559,1818117,,2025437,true,false,2046271,1660032,5.605,28.323125,1820656,2059607,1815283
2393,2026-07-19T16:00:00.000Z,1328080,1497504,1435514,,1508912,true,false,1500628,1659880,11.445,28.450833333333332,1436171,1510036,1643544
2394,2026-07-20T16:00:00.000Z,1294857,1490631,1409670,,1446244,true,false,1420449,1659729,20.74,27.977916666666665,1412159,1428217,1486361
2395,2026-07-21T16:00:00.000Z,1649546,1484324,1420255,,1487230,true,false,1529255,1659577,5.57,28.745833333333334,1418853,1563330,1462161
2396,2026-07-22T16:00:00.000Z,1522576,1477919,1422825,,1468632,true,false,1470162,1659425,10.72,28.231458333333332,1424813,1479519,1561160
2397,2026-07-23T16:00:00.000Z,2086784,1467154,1795979,,1938267,true,false,1935959,1659274,9.395,27.514166666666668,1799681,1945398,1717388
2398,2026-07-24T16:00:00.000Z,1533185,1449472,1651937,,1744799,true,false,1741339,1659122,28.44,27.006875,1654931,1761576,1839764
2399,2026-07-25T16:00:00.000Z,,1595270,1818893,,1936632,false,true,1939072,1633307,12.561666666666666,27.597361111111113,1822052,1918780,1743689
2400,2026-07-26T16:00:00.000Z,,1579274,1430531,,1456530,false,true,1441094,1633110,13.529166666666667,27.690381944444443,1433680,1427977,1589631
2401,2026-07-27T16:00:00.000Z,,1572891,1400464,,1385480,false,true,1346355,1632913,20.51,27.519826388888887,1403601,1332070,1481843
2402,2026-07-28T16:00:00.000Z,,1572570,1403782,,1451886,false,true,1478834,1632716,27.706666666666667,27.08020833333333,1406050,1504895,1490973
2403,2026-07-29T16:00:00.000Z,,1581781,1403118,,1418655,false,true,1427005,1632519,16.633333333333333,27.2759375,1404791,1430306,1595453
2404,2026-07-30T16:00:00.000Z,,1585852,1770182,,1870351,false,true,1857565,1632321,19.071666666666665,27.296631944444442,1772079,1853673,1725594
2405,2026-07-31T16:00:00.000Z,,1592166,1616526,,1692767,false,true,1690471,1632124,11.005833333333333,27.508750000000003,1619310,1683852,1799080
2406,2026-08-01T16:00:00.000Z,,1590809,1778784,,1930323,false,true,1915562,1631927,10.065,27.49454861111111,1781101,1895280,1756911
2407,2026-08-02T16:00:00.000Z,,1583751,1384260,,1450221,false,true,1428525,1631730,8.860000000000001,27.5184375,1385042,1420066,1629277
2408,2026-08-03T16:00:00.000Z,,1581438,1347175,,1379171,false,true,1341193,1631533,9.175833333333333,27.696006944444445,1347638,1328540,1521490
2409,2026-08-04T16:00:00.000Z,,1572402,1341834,,1445578,false,true,1488762,1631336,19.101666666666667,27.50329861111111,1343332,1514627,1520651
2410,2026-08-05T16:00:00.000Z,,1580761,1334795,,1412346,false,true,1430026,1631138,12.814166666666667,27.350624999999997,1336091,1436220,1610118
2411,2026-08-06T16:00:00.000Z,,1587170,1697290,,1864042,false,true,1870636,1630941,8.0575,27.37465277777778,1698359,1869852,1726477
2412,2026-08-07T16:00:00.000Z,,1583403,1539861,,1686458,false,true,1675411,1630744,11.081666666666665,27.393194444444447,1541702,1672060,1800517
2413,2026-08-08T16:00:00.000Z,,1585148,1698859,,1924014,false,true,1910752,1630547,13.495,27.58482638888889,1700884,1896182,1774284
2414,2026-08-09T16:00:00.000Z,,1579230,1301547,,1443912,false,true,1425845,1630350,11.670833333333334,27.650625,1303614,1419832,1664719
2415,2026-08-10T16:00:00.000Z,,1568354,1265362,,1372862,false,true,1335466,1630152,11.549999999999999,27.261631944444446,1266483,1327987,1563946
2416,2026-08-11T16:00:00.000Z,,1558093,1263008,,1439269,false,true,1489737,1629955,4.409166666666667,27.623680555555556,1263987,1513107,1545295
2417,2026-08-12T16:00:00.000Z,,1548667,1258735,,1406037,false,true,1428683,1629758,7.1450000000000005,27.619201388888886,1260110,1434979,1610005
2418,2026-08-13T16:00:00.000Z,,1546472,1626627,,1857733,false,true,1863741,1629561,12.315,27.526319444444443,1627274,1867862,1711305
2419,2026-08-14T16:00:00.000Z,,1544897,1473886,,1680149,false,true,1673052,1629364,10.722500000000002,27.096736111111113,1476988,1672109,1787906
2420,2026-08-15T16:00:00.000Z,,1536788,1641585,,1917705,false,true,1910013,1629166,6.688333333333333,27.39236111111111,1643923,1895306,1784585
2421,2026-08-16T16:00:00.000Z,,1527029,1254181,,1437604,false,true,1423703,1628969,6.349166666666666,27.568020833333332,1255657,1419038,1698724
2422,2026-08-17T16:00:00.000Z,,1517435,1227082,,1366553,false,true,1335254,1628772,9.434166666666666,27.584895833333334,1228626,1327216,1600695
2423,2026-08-18T16:00:00.000Z,,1511867,1236025,,1432960,false,true,1487373,1628575,5.7375,27.7103125,1237137,1512407,1566829
2424,2026-08-19T16:00:00.000Z,,1511337,1243912,,1399729,false,true,1423953,1628378,12.440833333333332,27.672083333333333,1244967,1434259,1609521
2425,2026-08-20T16:00:00.000Z,,1517166,1624372,,1851424,false,true,1854047,1628181,25.198333333333334,27.171354166666664,1624314,1867197,1696259
2426,2026-08-21T16:00:00.000Z,,1526222,1485150,,1673840,false,true,1664938,1627983,19.410833333333333,26.970555555555553,1486447,1671295,1776334